{
  "filePath": "frontend/src/app/last-login-ip/last-login-ip.component.spec.ts",
  "dif": 0,
  "oldVersion": {
    "total": 2,
    "bySeverity": {
      "ERROR": 2
    },
    "findings": [
      {
        "message": "JWT token detected",
        "start": {
          "line": 50,
          "col": 36,
          "offset": 1665
        },
        "end": {
          "line": 50,
          "col": 120,
          "offset": 1749
        },
        "lines": "requires login",
        "metadata": {
          "confidence": "LOW",
          "likelihood": "LOW",
          "cwe": [
            "CWE-321: Use of Hard-coded Cryptographic Key"
          ],
          "references": [
            "https://semgrep.dev/blog/2020/hardcoded-secrets-unverified-tokens-and-other-common-jwt-mistakes/"
          ]
        }
      },
      {
        "message": "JWT token detected",
        "start": {
          "line": 56,
          "col": 36,
          "offset": 2106
        },
        "end": {
          "line": 56,
          "col": 89,
          "offset": 2159
        },
        "lines": "requires login",
        "metadata": {
          "confidence": "LOW",
          "likelihood": "LOW",
          "cwe": [
            "CWE-321: Use of Hard-coded Cryptographic Key"
          ],
          "references": [
            "https://semgrep.dev/blog/2020/hardcoded-secrets-unverified-tokens-and-other-common-jwt-mistakes/"
          ]
        }
      }
    ],
    "code": "/*\n * Copyright (c) 2014-2024 Bjoern Kimminich & the OWASP Juice Shop contributors.\n * SPDX-License-Identifier: MIT\n */\n\nimport { type ComponentFixture, TestBed, waitForAsync } from '@angular/core/testing'\nimport { LastLoginIpComponent } from './last-login-ip.component'\nimport { MatCardModule } from '@angular/material/card'\nimport { DomSanitizer } from '@angular/platform-browser'\n\ndescribe('LastLoginIpComponent', () => {\n  let component: LastLoginIpComponent\n  let fixture: ComponentFixture<LastLoginIpComponent>\n  let sanitizer\n\n  beforeEach(waitForAsync(() => {\n    sanitizer = jasmine.createSpyObj('DomSanitizer', ['bypassSecurityTrustHtml', 'sanitize'])\n    sanitizer.bypassSecurityTrustHtml.and.callFake((args: any) => args)\n    sanitizer.sanitize.and.returnValue({})\n\n    TestBed.configureTestingModule({\n      declarations: [LastLoginIpComponent],\n      providers: [\n        { provide: DomSanitizer, useValue: sanitizer }\n      ],\n      imports: [\n        MatCardModule\n      ]\n    }).compileComponents()\n  }))\n\n  beforeEach(() => {\n    fixture = TestBed.createComponent(LastLoginIpComponent)\n    component = fixture.componentInstance\n    fixture.detectChanges()\n  })\n\n  it('should compile', () => {\n    expect(component).toBeTruthy()\n  })\n\n  it('should log JWT parsing error to console', () => {\n    console.log = jasmine.createSpy('log')\n    localStorage.setItem('token', 'definitelyInvalidJWT')\n    component.ngOnInit()\n    expect(console.log).toHaveBeenCalled()\n  })\n\n  xit('should set Last-Login IP from JWT as trusted HTML', () => { // FIXME Expected state seems to leak over from previous test case occasionally\n    localStorage.setItem('token', 'eyJhbGciOiJIUzI1NiIsInR5cCI6IkpXVCJ9.eyJkYXRhIjp7Imxhc3RMb2dpbklwIjoiMS4yLjMuNCJ9fQ.RAkmdqwNypuOxv3SDjPO4xMKvd1CddKvDFYDBfUt3bg')\n    component.ngOnInit()\n    expect(sanitizer.bypassSecurityTrustHtml).toHaveBeenCalledWith('<small>1.2.3.4</small>')\n  })\n\n  xit('should not set Last-Login IP if none is present in JWT', () => { // FIXME Expected state seems to leak over from previous test case occasionally\n    localStorage.setItem('token', 'eyJhbGciOiJIUzI1NiIsInR5cCI6IkpXVCJ9.eyJkYXRhIjp7fX0.bVBhvll6IaeR3aUdoOeyR8YZe2S2DfhGAxTGfd9enLw')\n    component.ngOnInit()\n    expect(sanitizer.bypassSecurityTrustHtml).not.toHaveBeenCalled()\n  })\n})\n",
    "lineCount": 61
  },
  "newVersion": {
    "total": 2,
    "bySeverity": {
      "ERROR": 2
    },
    "findings": [
      {
        "message": "JWT token detected",
        "start": {
          "line": 50,
          "col": 36,
          "offset": 1665
        },
        "end": {
          "line": 50,
          "col": 120,
          "offset": 1749
        },
        "lines": "requires login",
        "metadata": {
          "confidence": "LOW",
          "likelihood": "LOW",
          "cwe": [
            "CWE-321: Use of Hard-coded Cryptographic Key"
          ],
          "references": [
            "https://semgrep.dev/blog/2020/hardcoded-secrets-unverified-tokens-and-other-common-jwt-mistakes/"
          ]
        }
      },
      {
        "message": "JWT token detected",
        "start": {
          "line": 56,
          "col": 36,
          "offset": 2106
        },
        "end": {
          "line": 56,
          "col": 89,
          "offset": 2159
        },
        "lines": "requires login",
        "metadata": {
          "confidence": "LOW",
          "likelihood": "LOW",
          "cwe": [
            "CWE-321: Use of Hard-coded Cryptographic Key"
          ],
          "references": [
            "https://semgrep.dev/blog/2020/hardcoded-secrets-unverified-tokens-and-other-common-jwt-mistakes/"
          ]
        }
      }
    ],
    "code": "/*\n * Copyright (c) 2014-2024 Bjoern Kimminich & the OWASP Juice Shop contributors.\n * SPDX-License-Identifier: MIT\n */\n\nimport { type ComponentFixture, TestBed, waitForAsync } from '@angular/core/testing'\nimport { LastLoginIpComponent } from './last-login-ip.component'\nimport { MatCardModule } from '@angular/material/card'\nimport { DomSanitizer } from '@angular/platform-browser'\n\ndescribe('LastLoginIpComponent', () => {\n  let component: LastLoginIpComponent\n  let fixture: ComponentFixture<LastLoginIpComponent>\n  let sanitizer\n\n  beforeEach(waitForAsync(() => {\n    sanitizer = jasmine.createSpyObj('DomSanitizer', ['bypassSecurityTrustHtml', 'sanitize'])\n    sanitizer.bypassSecurityTrustHtml.and.callFake((args: any) => args)\n    sanitizer.sanitize.and.returnValue({})\n\n    TestBed.configureTestingModule({\n      declarations: [LastLoginIpComponent],\n      providers: [\n        { provide: DomSanitizer, useValue: sanitizer }\n      ],\n      imports: [\n        MatCardModule\n      ]\n    }).compileComponents()\n  }))\n\n  beforeEach(() => {\n    fixture = TestBed.createComponent(LastLoginIpComponent)\n    component = fixture.componentInstance\n    fixture.detectChanges()\n  })\n\n  it('should compile', () => {\n    expect(component).toBeTruthy()\n  })\n\n  it('should log JWT parsing error to console', () => {\n    console.log = jasmine.createSpy('log')\n    localStorage.setItem('token', 'definitelyInvalidJWT')\n    component.ngOnInit()\n    expect(console.log).toHaveBeenCalled()\n  })\n\n  xit('should set Last-Login IP from JWT as trusted HTML', () => { // FIXME Expected state seems to leak over from previous test case occasionally\n    localStorage.setItem('token', 'eyJhbGciOiJIUzI1NiIsInR5cCI6IkpXVCJ9.eyJkYXRhIjp7Imxhc3RMb2dpbklwIjoiMS4yLjMuNCJ9fQ.RAkmdqwNypuOxv3SDjPO4xMKvd1CddKvDFYDBfUt3bg')\n    component.ngOnInit()\n    expect(sanitizer.bypassSecurityTrustHtml).toHaveBeenCalledWith('<small>1.2.3.4</small>')\n  })\n\n  xit('should not set Last-Login IP if none is present in JWT', () => { // FIXME Expected state seems to leak over from previous test case occasionally\n    localStorage.setItem('token', 'eyJhbGciOiJIUzI1NiIsInR5cCI6IkpXVCJ9.eyJkYXRhIjp7fX0.bVBhvll6IaeR3aUdoOeyR8YZe2S2DfhGAxTGfd9enLw')\n    component.ngOnInit()\n    expect(sanitizer.bypassSecurityTrustHtml).not.toHaveBeenCalled()\n  })\n})\n",
    "lineCount": 61
  }
}