{
  "filePath": "frontend/src/hacking-instructor/index.ts",
  "dif": 0,
  "oldVersion": {
    "total": 1,
    "bySeverity": {
      "ERROR": 1
    },
    "findings": [
      {
        "message": "User controlled data in methods like `innerHTML`, `outerHTML` or `document.write` is an anti-pattern that can lead to XSS vulnerabilities",
        "start": {
          "line": 111,
          "col": 3,
          "offset": 3583
        },
        "end": {
          "line": 111,
          "col": 43,
          "offset": 3623
        },
        "lines": "requires login",
        "metadata": {
          "confidence": "LOW",
          "likelihood": "LOW",
          "cwe": [
            "CWE-79: Improper Neutralization of Input During Web Page Generation ('Cross-site Scripting')"
          ],
          "references": [
            "https://owasp.org/Top10/A03_2021-Injection"
          ]
        }
      }
    ],
    "code": "/*\n * Copyright (c) 2014-2024 Bjoern Kimminich & the OWASP Juice Shop contributors.\n * SPDX-License-Identifier: MIT\n */\n\nimport snarkdown from 'snarkdown'\n\nimport { LoginAdminInstruction } from './challenges/loginAdmin'\nimport { DomXssInstruction } from './challenges/domXss'\nimport { ScoreBoardInstruction } from './challenges/scoreBoard'\nimport { PrivacyPolicyInstruction } from './challenges/privacyPolicy'\nimport { LoginJimInstruction } from './challenges/loginJim'\nimport { ViewBasketInstruction } from './challenges/viewBasket'\nimport { ForgedFeedbackInstruction } from './challenges/forgedFeedback'\nimport { PasswordStrengthInstruction } from './challenges/passwordStrength'\nimport { BonusPayloadInstruction } from './challenges/bonusPayload'\nimport { LoginBenderInstruction } from './challenges/loginBender'\nimport { TutorialUnavailableInstruction } from './tutorialUnavailable'\nimport { CodingChallengesInstruction } from './challenges/codingChallenges'\nimport { AdminSectionInstruction } from './challenges/adminSection'\nimport { ReflectedXssInstruction } from './challenges/reflectedXss'\n\nconst challengeInstructions: ChallengeInstruction[] = [\n  ScoreBoardInstruction,\n  LoginAdminInstruction,\n  LoginJimInstruction,\n  DomXssInstruction,\n  PrivacyPolicyInstruction,\n  ViewBasketInstruction,\n  ForgedFeedbackInstruction,\n  PasswordStrengthInstruction,\n  BonusPayloadInstruction,\n  LoginBenderInstruction,\n  CodingChallengesInstruction,\n  AdminSectionInstruction,\n  ReflectedXssInstruction\n]\n\nexport interface ChallengeInstruction {\n  name: string\n  hints: ChallengeHint[]\n}\n\nexport interface ChallengeHint {\n  /**\n   * Text in the hint box\n   * Can be formatted using markdown\n   */\n  text: string\n  /**\n   * Query Selector String of the Element the hint should be displayed next to.\n   */\n  fixture: string\n  /**\n   * Set to true if the hint should be displayed after the target\n   * Defaults to false (hint displayed before target)\n   */\n  fixtureAfter?: boolean\n  /**\n   * Set to true if the hint should not be able to be skipped by clicking on it.\n   * Defaults to false\n   */\n  unskippable?: boolean\n  /**\n   * Function declaring the condition under which the tutorial will continue.\n   */\n  resolved: () => Promise<void>\n}\n\nfunction loadHint (hint: ChallengeHint): HTMLElement {\n  const target = document.querySelector(hint.fixture)\n\n  if (!target) {\n    return null as unknown as HTMLElement\n  }\n\n  const wrapper = document.createElement('div')\n  wrapper.style.position = 'absolute'\n\n  const elem = document.createElement('div')\n  elem.id = 'hacking-instructor'\n  elem.style.position = 'absolute'\n  elem.style.zIndex = '20000'\n  elem.style.backgroundColor = 'rgba(50, 115, 220, 0.9)'\n  elem.style.maxWidth = '400px'\n  elem.style.minWidth = hint.text.length > 100 ? '350px' : '250px'\n  elem.style.padding = '16px'\n  elem.style.borderRadius = '8px'\n  elem.style.whiteSpace = 'initial'\n  elem.style.lineHeight = '1.3'\n  elem.style.top = '24px'\n  elem.style.fontFamily = 'Roboto,Helvetica Neue,sans-serif'\n  if (!hint.unskippable) {\n    elem.style.cursor = 'pointer'\n    elem.title = 'Double-click to skip'\n  }\n  elem.style.fontSize = '14px'\n  elem.style.display = 'flex'\n  elem.style.alignItems = 'center'\n\n  const picture = document.createElement('img')\n  picture.style.minWidth = '64px'\n  picture.style.minHeight = '64px'\n  picture.style.width = '64px'\n  picture.style.height = '64px'\n  picture.style.marginRight = '8px'\n  picture.src = '/assets/public/images/hackingInstructor.png'\n\n  const textBox = document.createElement('span')\n  textBox.style.flexGrow = '2'\n  textBox.innerHTML = snarkdown(hint.text)\n\n  const cancelButton = document.createElement('button')\n  cancelButton.id = 'cancelButton'\n  cancelButton.style.textDecoration = 'none'\n  cancelButton.style.backgroundColor = 'transparent'\n  cancelButton.style.border = 'none'\n  cancelButton.style.color = 'white'\n  cancelButton.innerHTML = '<div style;\">&times;</div>'\n  cancelButton.style.fontSize = 'large'\n  cancelButton.title = 'Cancel the tutorial'\n  cancelButton.style.position = 'relative'\n  cancelButton.style.zIndex = '20001'\n  cancelButton.style.bottom = '-22px'\n  cancelButton.style.cursor = 'pointer'\n\n  elem.appendChild(picture)\n  elem.appendChild(textBox)\n\n  const relAnchor = document.createElement('div')\n  relAnchor.style.position = 'relative'\n  relAnchor.style.display = 'inline'\n  relAnchor.appendChild(elem)\n  relAnchor.appendChild(cancelButton)\n\n  wrapper.appendChild(relAnchor)\n\n  if (hint.fixtureAfter) {\n    // insertAfter does not exist so we simulate it this way\n    target.parentElement.insertBefore(wrapper, target.nextSibling)\n  } else {\n    target.parentElement.insertBefore(wrapper, target)\n  }\n\n  return wrapper\n}\n\nasync function waitForDoubleClick (element: HTMLElement) {\n  return await new Promise((resolve) => {\n    element.addEventListener('dblclick', resolve)\n  })\n}\n\nasync function waitForCancel (element: HTMLElement) {\n  return await new Promise((resolve) => {\n    element.addEventListener('click', () => {\n      resolve('break')\n    })\n  })\n}\n\nexport function hasInstructions (challengeName: string): boolean {\n  return challengeInstructions.find(({ name }) => name === challengeName) !== undefined\n}\n\nexport async function startHackingInstructorFor (challengeName: string): Promise<void> {\n  const challengeInstruction = challengeInstructions.find(({ name }) => name === challengeName) ?? TutorialUnavailableInstruction\n\n  for (const hint of challengeInstruction.hints) {\n    const element = loadHint(hint)\n    if (!element) {\n      console.warn(`Could not find Element with fixture \"${hint.fixture}\"`)\n      continue\n    }\n    element.scrollIntoView()\n\n    // eslint-disable-next-line @typescript-eslint/no-invalid-void-type\n    const continueConditions: Array<Promise<void | unknown>> = [\n      hint.resolved()\n    ]\n\n    if (!hint.unskippable) {\n      continueConditions.push(waitForDoubleClick(element))\n    }\n    continueConditions.push(waitForCancel(document.getElementById('cancelButton')))\n\n    const command = await Promise.race(continueConditions)\n    if (command === 'break') {\n      element.remove()\n      break\n    }\n\n    element.remove()\n  }\n}\n",
    "lineCount": 196
  },
  "newVersion": {
    "total": 1,
    "bySeverity": {
      "ERROR": 1
    },
    "findings": [
      {
        "message": "User controlled data in methods like `innerHTML`, `outerHTML` or `document.write` is an anti-pattern that can lead to XSS vulnerabilities",
        "start": {
          "line": 111,
          "col": 3,
          "offset": 3583
        },
        "end": {
          "line": 111,
          "col": 43,
          "offset": 3623
        },
        "lines": "requires login",
        "metadata": {
          "confidence": "LOW",
          "likelihood": "LOW",
          "cwe": [
            "CWE-79: Improper Neutralization of Input During Web Page Generation ('Cross-site Scripting')"
          ],
          "references": [
            "https://owasp.org/Top10/A03_2021-Injection"
          ]
        }
      }
    ],
    "code": "/*\n * Copyright (c) 2014-2024 Bjoern Kimminich & the OWASP Juice Shop contributors.\n * SPDX-License-Identifier: MIT\n */\n\nimport snarkdown from 'snarkdown'\n\nimport { LoginAdminInstruction } from './challenges/loginAdmin'\nimport { DomXssInstruction } from './challenges/domXss'\nimport { ScoreBoardInstruction } from './challenges/scoreBoard'\nimport { PrivacyPolicyInstruction } from './challenges/privacyPolicy'\nimport { LoginJimInstruction } from './challenges/loginJim'\nimport { ViewBasketInstruction } from './challenges/viewBasket'\nimport { ForgedFeedbackInstruction } from './challenges/forgedFeedback'\nimport { PasswordStrengthInstruction } from './challenges/passwordStrength'\nimport { BonusPayloadInstruction } from './challenges/bonusPayload'\nimport { LoginBenderInstruction } from './challenges/loginBender'\nimport { TutorialUnavailableInstruction } from './tutorialUnavailable'\nimport { CodingChallengesInstruction } from './challenges/codingChallenges'\nimport { AdminSectionInstruction } from './challenges/adminSection'\nimport { ReflectedXssInstruction } from './challenges/reflectedXss'\n\nconst challengeInstructions: ChallengeInstruction[] = [\n  ScoreBoardInstruction,\n  LoginAdminInstruction,\n  LoginJimInstruction,\n  DomXssInstruction,\n  PrivacyPolicyInstruction,\n  ViewBasketInstruction,\n  ForgedFeedbackInstruction,\n  PasswordStrengthInstruction,\n  BonusPayloadInstruction,\n  LoginBenderInstruction,\n  CodingChallengesInstruction,\n  AdminSectionInstruction,\n  ReflectedXssInstruction\n]\n\nexport interface ChallengeInstruction {\n  name: string\n  hints: ChallengeHint[]\n}\n\nexport interface ChallengeHint {\n  /**\n   * Text in the hint box\n   * Can be formatted using markdown\n   */\n  text: string\n  /**\n   * Query Selector String of the Element the hint should be displayed next to.\n   */\n  fixture: string\n  /**\n   * Set to true if the hint should be displayed after the target\n   * Defaults to false (hint displayed before target)\n   */\n  fixtureAfter?: boolean\n  /**\n   * Set to true if the hint should not be able to be skipped by clicking on it.\n   * Defaults to false\n   */\n  unskippable?: boolean\n  /**\n   * Function declaring the condition under which the tutorial will continue.\n   */\n  resolved: () => Promise<void>\n}\n\nfunction loadHint (hint: ChallengeHint): HTMLElement {\n  const target = document.querySelector(hint.fixture)\n\n  if (!target) {\n    return null as unknown as HTMLElement\n  }\n\n  const wrapper = document.createElement('div')\n  wrapper.style.position = 'absolute'\n\n  const elem = document.createElement('div')\n  elem.id = 'hacking-instructor'\n  elem.style.position = 'absolute'\n  elem.style.zIndex = '20000'\n  elem.style.backgroundColor = 'rgba(50, 115, 220, 0.9)'\n  elem.style.maxWidth = '400px'\n  elem.style.minWidth = hint.text.length > 100 ? '350px' : '250px'\n  elem.style.padding = '16px'\n  elem.style.borderRadius = '8px'\n  elem.style.whiteSpace = 'initial'\n  elem.style.lineHeight = '1.3'\n  elem.style.top = '24px'\n  elem.style.fontFamily = 'Roboto,Helvetica Neue,sans-serif'\n  if (!hint.unskippable) {\n    elem.style.cursor = 'pointer'\n    elem.title = 'Double-click to skip'\n  }\n  elem.style.fontSize = '14px'\n  elem.style.display = 'flex'\n  elem.style.alignItems = 'center'\n\n  const picture = document.createElement('img')\n  picture.style.minWidth = '64px'\n  picture.style.minHeight = '64px'\n  picture.style.width = '64px'\n  picture.style.height = '64px'\n  picture.style.marginRight = '8px'\n  picture.src = '/assets/public/images/hackingInstructor.png'\n\n  const textBox = document.createElement('span')\n  textBox.style.flexGrow = '2'\n  textBox.innerHTML = snarkdown(hint.text)\n\n  const cancelButton = document.createElement('button')\n  cancelButton.id = 'cancelButton'\n  cancelButton.style.textDecoration = 'none'\n  cancelButton.style.backgroundColor = 'transparent'\n  cancelButton.style.border = 'none'\n  cancelButton.style.color = 'white'\n  cancelButton.innerHTML = '<div style;\">&times;</div>'\n  cancelButton.style.fontSize = 'large'\n  cancelButton.title = 'Cancel the tutorial'\n  cancelButton.style.position = 'relative'\n  cancelButton.style.zIndex = '20001'\n  cancelButton.style.bottom = '-22px'\n  cancelButton.style.cursor = 'pointer'\n\n  elem.appendChild(picture)\n  elem.appendChild(textBox)\n\n  const relAnchor = document.createElement('div')\n  relAnchor.style.position = 'relative'\n  relAnchor.style.display = 'inline'\n  relAnchor.appendChild(elem)\n  relAnchor.appendChild(cancelButton)\n\n  wrapper.appendChild(relAnchor)\n\n  if (hint.fixtureAfter) {\n    // insertAfter does not exist so we simulate it this way\n    target.parentElement.insertBefore(wrapper, target.nextSibling)\n  } else {\n    target.parentElement.insertBefore(wrapper, target)\n  }\n\n  return wrapper\n}\n\nasync function waitForDoubleClick (element: HTMLElement) {\n  return await new Promise((resolve) => {\n    element.addEventListener('dblclick', resolve)\n  })\n}\n\nasync function waitForCancel (element: HTMLElement) {\n  return await new Promise((resolve) => {\n    element.addEventListener('click', () => {\n      resolve('break')\n    })\n  })\n}\n\nexport function hasInstructions (challengeName: string): boolean {\n  return challengeInstructions.find(({ name }) => name === challengeName) !== undefined\n}\n\nexport async function startHackingInstructorFor (challengeName: string): Promise<void> {\n  const challengeInstruction = challengeInstructions.find(({ name }) => name === challengeName) ?? TutorialUnavailableInstruction\n\n  for (const hint of challengeInstruction.hints) {\n    const element = loadHint(hint)\n    if (!element) {\n      console.warn(`Could not find Element with fixture \"${hint.fixture}\"`)\n      continue\n    }\n    element.scrollIntoView()\n\n    // eslint-disable-next-line @typescript-eslint/no-invalid-void-type\n    const continueConditions: Array<Promise<void | unknown>> = [\n      hint.resolved()\n    ]\n\n    if (!hint.unskippable) {\n      continueConditions.push(waitForDoubleClick(element))\n    }\n    continueConditions.push(waitForCancel(document.getElementById('cancelButton')))\n\n    const command = await Promise.race(continueConditions)\n    if (command === 'break') {\n      element.remove()\n      break\n    }\n\n    element.remove()\n  }\n}\n",
    "lineCount": 196
  }
}