{
  "filePath": "frontend/src/hacking-instructor/helpers/helpers.ts",
  "dif": 0,
  "oldVersion": {
    "total": 1,
    "bySeverity": {
      "WARNING": 1
    },
    "findings": [
      {
        "message": "Possibility of prototype polluting function detected. By adding or modifying attributes of an object prototype, it is possible to create attributes that exist on every object, or replace critical attributes with malicious ones. This can be problematic if the software depends on existence or non-existence of certain attributes, or uses pre-defined attributes of object prototype (such as hasOwnProperty, toString or valueOf). Possible mitigations might be: freezing the object prototype, using an object without prototypes (via Object.create(null) ), blocking modifications of attributes that resolve to object prototype, using Map instead of object.",
        "start": {
          "line": 38,
          "col": 9,
          "offset": 1027
        },
        "end": {
          "line": 38,
          "col": 54,
          "offset": 1072
        },
        "lines": "requires login",
        "metadata": {
          "confidence": "LOW",
          "likelihood": "LOW",
          "cwe": [
            "CWE-915: Improperly Controlled Modification of Dynamically-Determined Object Attributes"
          ],
          "references": [
            "https://github.com/HoLyVieR/prototype-pollution-nsec18/blob/master/paper/JavaScript_prototype_pollution_attack_in_NodeJS.pdf"
          ]
        }
      }
    ],
    "code": "/*\n * Copyright (c) 2014-2024 Bjoern Kimminich & the OWASP Juice Shop contributors.\n * SPDX-License-Identifier: MIT\n */\n\nimport jwtDecode from 'jwt-decode'\n\nlet config\nconst playbackDelays = {\n  faster: 0.5,\n  fast: 0.75,\n  normal: 1.0,\n  slow: 1.25,\n  slower: 1.5\n}\n\nexport async function sleep (timeInMs: number): Promise<void> {\n  await new Promise((resolve) => {\n    setTimeout(resolve, timeInMs)\n  })\n}\n\nexport function waitForInputToHaveValue (inputSelector: string, value: string, options: any = { ignoreCase: true, replacement: [] }) {\n  return async () => {\n    const inputElement: HTMLInputElement = document.querySelector(\n      inputSelector\n    )\n\n    if (options.replacement?.length === 2) {\n      if (!config) {\n        const res = await fetch('/rest/admin/application-configuration')\n        const json = await res.json()\n        config = json.config\n      }\n      const propertyChain = options.replacement[1].split('.')\n      let replacementValue = config\n      for (const property of propertyChain) {\n        replacementValue = replacementValue[property]\n      }\n      value = value.replace(options.replacement[0], replacementValue)\n    }\n\n    while (true) {\n      if (options.ignoreCase && inputElement.value.toLowerCase() === value.toLowerCase()) {\n        break\n      } else if (!options.ignoreCase && inputElement.value === value) {\n        break\n      }\n      await sleep(100)\n    }\n  }\n}\n\nexport function waitForInputToNotHaveValue (inputSelector: string, value: string, options = { ignoreCase: true }) {\n  return async () => {\n    const inputElement: HTMLInputElement = document.querySelector(\n      inputSelector\n    )\n\n    while (true) {\n      if (options.ignoreCase && inputElement.value.toLowerCase() !== value.toLowerCase()) {\n        break\n      } else if (!options.ignoreCase && inputElement.value !== value) {\n        break\n      }\n      await sleep(100)\n    }\n  }\n}\n\nexport function waitForInputToNotHaveValueAndNotBeEmpty (inputSelector: string, value: string, options = { ignoreCase: true }) {\n  return async () => {\n    const inputElement: HTMLInputElement = document.querySelector(\n      inputSelector\n    )\n\n    while (true) {\n      if (inputElement.value !== '') {\n        if (options.ignoreCase && inputElement.value.toLowerCase() !== value.toLowerCase()) {\n          break\n        } else if (!options.ignoreCase && inputElement.value !== value) {\n          break\n        }\n      }\n      await sleep(100)\n    }\n  }\n}\n\nexport function waitForInputToNotBeEmpty (inputSelector: string) {\n  return async () => {\n    const inputElement: HTMLInputElement = document.querySelector(\n      inputSelector\n    )\n\n    while (true) {\n      if (inputElement.value && inputElement.value !== '') {\n        break\n      }\n      await sleep(100)\n    }\n  }\n}\n\nexport function waitForElementToGetClicked (elementSelector: string) {\n  return async () => {\n    const element = document.querySelector(\n      elementSelector\n    )\n    if (!element) {\n      console.warn(`Could not find Element with selector \"${elementSelector}\"`)\n    }\n\n    await new Promise<void>((resolve) => {\n      element.addEventListener('click', () => { resolve() })\n    })\n  }\n}\n\nexport function waitForElementsInnerHtmlToBe (elementSelector: string, value: string) {\n  return async () => {\n    while (true) {\n      const element = document.querySelector(\n        elementSelector\n      )\n\n      if (element && element.innerHTML === value) {\n        break\n      }\n      await sleep(100)\n    }\n  }\n}\n\nexport function waitInMs (timeInMs: number) {\n  return async () => {\n    if (!config) {\n      const res = await fetch('/rest/admin/application-configuration')\n      const json = await res.json()\n      config = json.config\n    }\n    let delay = playbackDelays[config.hackingInstructor.hintPlaybackSpeed]\n    delay ??= 1.0\n    await sleep(timeInMs * delay)\n  }\n}\n\nexport function waitForAngularRouteToBeVisited (route: string) {\n  return async () => {\n    while (true) {\n      if (window.location.hash.startsWith(`#/${route}`)) {\n        break\n      }\n      await sleep(100)\n    }\n  }\n}\n\nexport function waitForLogIn () {\n  return async () => {\n    while (true) {\n      if (localStorage.getItem('token') !== null) {\n        break\n      }\n      await sleep(100)\n    }\n  }\n}\n\nexport function waitForAdminLogIn () {\n  return async () => {\n    while (true) {\n      let role: string = ''\n      try {\n        const token: string = localStorage.getItem('token')\n        const decodedToken = jwtDecode(token)\n        const payload = decodedToken as any\n        role = payload.data.role\n      } catch {\n        console.log('Role from token could not be accessed.')\n      }\n      if (role === 'admin') {\n        break\n      }\n      await sleep(100)\n    }\n  }\n}\n\nexport function waitForLogOut () {\n  return async () => {\n    while (true) {\n      if (localStorage.getItem('token') === null) {\n        break\n      }\n      await sleep(100)\n    }\n  }\n}\n\n/**\n * see https://stackoverflow.com/questions/7798748/find-out-whether-chrome-console-is-open/48287643#48287643\n * does detect when devtools are opened horizontally or vertically but not when undocked or open on page load\n */\nexport function waitForDevTools () {\n  const initialInnerHeight = window.innerHeight\n  const initialInnerWidth = window.innerWidth\n  return async () => {\n    while (true) {\n      if (window.innerHeight !== initialInnerHeight || window.innerWidth !== initialInnerWidth) {\n        break\n      }\n      await sleep(100)\n    }\n  }\n}\n\nexport function waitForSelectToHaveValue (selectSelector: string, value: string) {\n  return async () => {\n    const selectElement: HTMLSelectElement = document.querySelector(\n      selectSelector\n    )\n\n    while (true) {\n      if (selectElement.options[selectElement.selectedIndex].value === value) {\n        break\n      }\n      await sleep(100)\n    }\n  }\n}\n\nexport function waitForSelectToNotHaveValue (selectSelector: string, value: string) {\n  return async () => {\n    const selectElement: HTMLSelectElement = document.querySelector(\n      selectSelector\n    )\n\n    while (true) {\n      if (selectElement.options[selectElement.selectedIndex].value !== value) {\n        break\n      }\n      await sleep(100)\n    }\n  }\n}\n\nexport function waitForRightUriQueryParamPair (key: string, value: string) {\n  return async () => {\n    while (true) {\n      const encodedValue: string = encodeURIComponent(value).replace(/%3A/g, ':')\n      const encodedKey: string = encodeURIComponent(key).replace(/%3A/g, ':')\n      const expectedHash: string = `#/track-result/new?${encodedKey}=${encodedValue}`\n\n      if (window.location.hash === expectedHash) {\n        break\n      }\n      await sleep(100)\n    }\n  }\n}\n",
    "lineCount": 262
  },
  "newVersion": {
    "total": 1,
    "bySeverity": {
      "WARNING": 1
    },
    "findings": [
      {
        "message": "Possibility of prototype polluting function detected. By adding or modifying attributes of an object prototype, it is possible to create attributes that exist on every object, or replace critical attributes with malicious ones. This can be problematic if the software depends on existence or non-existence of certain attributes, or uses pre-defined attributes of object prototype (such as hasOwnProperty, toString or valueOf). Possible mitigations might be: freezing the object prototype, using an object without prototypes (via Object.create(null) ), blocking modifications of attributes that resolve to object prototype, using Map instead of object.",
        "start": {
          "line": 38,
          "col": 9,
          "offset": 1027
        },
        "end": {
          "line": 38,
          "col": 54,
          "offset": 1072
        },
        "lines": "requires login",
        "metadata": {
          "confidence": "LOW",
          "likelihood": "LOW",
          "cwe": [
            "CWE-915: Improperly Controlled Modification of Dynamically-Determined Object Attributes"
          ],
          "references": [
            "https://github.com/HoLyVieR/prototype-pollution-nsec18/blob/master/paper/JavaScript_prototype_pollution_attack_in_NodeJS.pdf"
          ]
        }
      }
    ],
    "code": "/*\n * Copyright (c) 2014-2024 Bjoern Kimminich & the OWASP Juice Shop contributors.\n * SPDX-License-Identifier: MIT\n */\n\nimport jwtDecode from 'jwt-decode'\n\nlet config\nconst playbackDelays = {\n  faster: 0.5,\n  fast: 0.75,\n  normal: 1.0,\n  slow: 1.25,\n  slower: 1.5\n}\n\nexport async function sleep (timeInMs: number): Promise<void> {\n  await new Promise((resolve) => {\n    setTimeout(resolve, timeInMs)\n  })\n}\n\nexport function waitForInputToHaveValue (inputSelector: string, value: string, options: any = { ignoreCase: true, replacement: [] }) {\n  return async () => {\n    const inputElement: HTMLInputElement = document.querySelector(\n      inputSelector\n    )\n\n    if (options.replacement?.length === 2) {\n      if (!config) {\n        const res = await fetch('/rest/admin/application-configuration')\n        const json = await res.json()\n        config = json.config\n      }\n      const propertyChain = options.replacement[1].split('.')\n      let replacementValue = config\n      for (const property of propertyChain) {\n        replacementValue = replacementValue[property]\n      }\n      value = value.replace(options.replacement[0], replacementValue)\n    }\n\n    while (true) {\n      if (options.ignoreCase && inputElement.value.toLowerCase() === value.toLowerCase()) {\n        break\n      } else if (!options.ignoreCase && inputElement.value === value) {\n        break\n      }\n      await sleep(100)\n    }\n  }\n}\n\nexport function waitForInputToNotHaveValue (inputSelector: string, value: string, options = { ignoreCase: true }) {\n  return async () => {\n    const inputElement: HTMLInputElement = document.querySelector(\n      inputSelector\n    )\n\n    while (true) {\n      if (options.ignoreCase && inputElement.value.toLowerCase() !== value.toLowerCase()) {\n        break\n      } else if (!options.ignoreCase && inputElement.value !== value) {\n        break\n      }\n      await sleep(100)\n    }\n  }\n}\n\nexport function waitForInputToNotHaveValueAndNotBeEmpty (inputSelector: string, value: string, options = { ignoreCase: true }) {\n  return async () => {\n    const inputElement: HTMLInputElement = document.querySelector(\n      inputSelector\n    )\n\n    while (true) {\n      if (inputElement.value !== '') {\n        if (options.ignoreCase && inputElement.value.toLowerCase() !== value.toLowerCase()) {\n          break\n        } else if (!options.ignoreCase && inputElement.value !== value) {\n          break\n        }\n      }\n      await sleep(100)\n    }\n  }\n}\n\nexport function waitForInputToNotBeEmpty (inputSelector: string) {\n  return async () => {\n    const inputElement: HTMLInputElement = document.querySelector(\n      inputSelector\n    )\n\n    while (true) {\n      if (inputElement.value && inputElement.value !== '') {\n        break\n      }\n      await sleep(100)\n    }\n  }\n}\n\nexport function waitForElementToGetClicked (elementSelector: string) {\n  return async () => {\n    const element = document.querySelector(\n      elementSelector\n    )\n    if (!element) {\n      console.warn(`Could not find Element with selector \"${elementSelector}\"`)\n    }\n\n    await new Promise<void>((resolve) => {\n      element.addEventListener('click', () => { resolve() })\n    })\n  }\n}\n\nexport function waitForElementsInnerHtmlToBe (elementSelector: string, value: string) {\n  return async () => {\n    while (true) {\n      const element = document.querySelector(\n        elementSelector\n      )\n\n      if (element && element.innerHTML === value) {\n        break\n      }\n      await sleep(100)\n    }\n  }\n}\n\nexport function waitInMs (timeInMs: number) {\n  return async () => {\n    if (!config) {\n      const res = await fetch('/rest/admin/application-configuration')\n      const json = await res.json()\n      config = json.config\n    }\n    let delay = playbackDelays[config.hackingInstructor.hintPlaybackSpeed]\n    delay ??= 1.0\n    await sleep(timeInMs * delay)\n  }\n}\n\nexport function waitForAngularRouteToBeVisited (route: string) {\n  return async () => {\n    while (true) {\n      if (window.location.hash.startsWith(`#/${route}`)) {\n        break\n      }\n      await sleep(100)\n    }\n  }\n}\n\nexport function waitForLogIn () {\n  return async () => {\n    while (true) {\n      if (localStorage.getItem('token') !== null) {\n        break\n      }\n      await sleep(100)\n    }\n  }\n}\n\nexport function waitForAdminLogIn () {\n  return async () => {\n    while (true) {\n      let role: string = ''\n      try {\n        const token: string = localStorage.getItem('token')\n        const decodedToken = jwtDecode(token)\n        const payload = decodedToken as any\n        role = payload.data.role\n      } catch {\n        console.log('Role from token could not be accessed.')\n      }\n      if (role === 'admin') {\n        break\n      }\n      await sleep(100)\n    }\n  }\n}\n\nexport function waitForLogOut () {\n  return async () => {\n    while (true) {\n      if (localStorage.getItem('token') === null) {\n        break\n      }\n      await sleep(100)\n    }\n  }\n}\n\n/**\n * see https://stackoverflow.com/questions/7798748/find-out-whether-chrome-console-is-open/48287643#48287643\n * does detect when devtools are opened horizontally or vertically but not when undocked or open on page load\n */\nexport function waitForDevTools () {\n  const initialInnerHeight = window.innerHeight\n  const initialInnerWidth = window.innerWidth\n  return async () => {\n    while (true) {\n      if (window.innerHeight !== initialInnerHeight || window.innerWidth !== initialInnerWidth) {\n        break\n      }\n      await sleep(100)\n    }\n  }\n}\n\nexport function waitForSelectToHaveValue (selectSelector: string, value: string) {\n  return async () => {\n    const selectElement: HTMLSelectElement = document.querySelector(\n      selectSelector\n    )\n\n    while (true) {\n      if (selectElement.options[selectElement.selectedIndex].value === value) {\n        break\n      }\n      await sleep(100)\n    }\n  }\n}\n\nexport function waitForSelectToNotHaveValue (selectSelector: string, value: string) {\n  return async () => {\n    const selectElement: HTMLSelectElement = document.querySelector(\n      selectSelector\n    )\n\n    while (true) {\n      if (selectElement.options[selectElement.selectedIndex].value !== value) {\n        break\n      }\n      await sleep(100)\n    }\n  }\n}\n\nexport function waitForRightUriQueryParamPair (key: string, value: string) {\n  return async () => {\n    while (true) {\n      const encodedValue: string = encodeURIComponent(value).replace(/%3A/g, ':')\n      const encodedKey: string = encodeURIComponent(key).replace(/%3A/g, ':')\n      const expectedHash: string = `#/track-result/new?${encodedKey}=${encodedValue}`\n\n      if (window.location.hash === expectedHash) {\n        break\n      }\n      await sleep(100)\n    }\n  }\n}\n",
    "lineCount": 262
  }
}