{
  "filePath": "frontend/src/app/app.guard.spec.ts",
  "dif": 0,
  "oldVersion": {
    "total": 1,
    "bySeverity": {
      "ERROR": 1
    },
    "findings": [
      {
        "message": "JWT token detected",
        "start": {
          "line": 40,
          "col": 36,
          "offset": 1366
        },
        "end": {
          "line": 40,
          "col": 148,
          "offset": 1478
        },
        "lines": "requires login",
        "metadata": {
          "confidence": "LOW",
          "likelihood": "LOW",
          "cwe": [
            "CWE-321: Use of Hard-coded Cryptographic Key"
          ],
          "references": [
            "https://semgrep.dev/blog/2020/hardcoded-secrets-unverified-tokens-and-other-common-jwt-mistakes/"
          ]
        }
      }
    ],
    "code": "/*\n * Copyright (c) 2014-2024 Bjoern Kimminich & the OWASP Juice Shop contributors.\n * SPDX-License-Identifier: MIT\n */\n\nimport { inject, TestBed } from '@angular/core/testing'\nimport { AccountingGuard, AdminGuard, DeluxeGuard, LoginGuard } from './app.guard'\nimport { HttpClientTestingModule } from '@angular/common/http/testing'\nimport { RouterTestingModule } from '@angular/router/testing'\nimport { ErrorPageComponent } from './error-page/error-page.component'\n\ndescribe('LoginGuard', () => {\n  beforeEach(() => {\n    TestBed.configureTestingModule({\n      imports: [\n        HttpClientTestingModule,\n        RouterTestingModule.withRoutes([\n          { path: '403', component: ErrorPageComponent }\n        ]\n        )],\n      providers: [LoginGuard]\n    })\n  })\n\n  it('should be created', inject([LoginGuard], (guard: LoginGuard) => {\n    expect(guard).toBeTruthy()\n  }))\n\n  it('should open for authenticated users', inject([LoginGuard], (guard: LoginGuard) => {\n    localStorage.setItem('token', 'TOKEN')\n    expect(guard.canActivate()).toBeTrue()\n  }))\n\n  it('should close for anonymous users', inject([LoginGuard], (guard: LoginGuard) => {\n    localStorage.removeItem('token')\n    expect(guard.canActivate()).toBeFalse()\n  }))\n\n  it('returns payload from decoding a valid JWT', inject([LoginGuard], (guard: LoginGuard) => {\n    localStorage.setItem('token', 'eyJhbGciOiJIUzI1NiIsInR5cCI6IkpXVCJ9.eyJzdWIiOiIxMjM0NTY3ODkwIiwibmFtZSI6IkpvaG4gRG9lIiwiaWF0IjoxNTE2MjM5MDIyfQ.SflKxwRJSMeKKF2QT4fwpMeJf36POk6yJV_adQssw5c')\n    expect(guard.tokenDecode()).toEqual({\n      sub: '1234567890',\n      name: 'John Doe',\n      iat: 1516239022\n    })\n  }))\n\n  it('returns nothing when decoding an invalid JWT', inject([LoginGuard], (guard: LoginGuard) => {\n    localStorage.setItem('token', '12345.abcde')\n    expect(guard.tokenDecode()).toBeNull()\n  }))\n\n  it('returns nothing when decoding an non-existing JWT', inject([LoginGuard], (guard: LoginGuard) => {\n    localStorage.removeItem('token')\n    expect(guard.tokenDecode()).toBeNull()\n  }))\n})\n\ndescribe('AdminGuard', () => {\n  let loginGuard: any\n\n  beforeEach(() => {\n    loginGuard = jasmine.createSpyObj('LoginGuard', ['tokenDecode', 'forbidRoute'])\n\n    TestBed.configureTestingModule({\n      imports: [\n        HttpClientTestingModule,\n        RouterTestingModule.withRoutes([\n          { path: '403', component: ErrorPageComponent }\n        ]\n        )],\n      providers: [\n        AdminGuard,\n        { provide: LoginGuard, useValue: loginGuard }\n      ]\n    })\n  })\n\n  it('should be created', inject([AdminGuard], (guard: AdminGuard) => {\n    expect(guard).toBeTruthy()\n  }))\n\n  it('should open for admins', inject([AdminGuard], (guard: AdminGuard) => {\n    loginGuard.tokenDecode.and.returnValue({ data: { role: 'admin' } })\n    expect(guard.canActivate()).toBeTrue()\n  }))\n\n  it('should close for regular customers', inject([AdminGuard], (guard: AdminGuard) => {\n    loginGuard.tokenDecode.and.returnValue({ data: { role: 'customer' } })\n    expect(guard.canActivate()).toBeFalse()\n    expect(loginGuard.forbidRoute).toHaveBeenCalled()\n  }))\n\n  it('should close for deluxe customers', inject([AdminGuard], (guard: AdminGuard) => {\n    loginGuard.tokenDecode.and.returnValue({ data: { role: 'deluxe' } })\n    expect(guard.canActivate()).toBeFalse()\n    expect(loginGuard.forbidRoute).toHaveBeenCalled()\n  }))\n\n  it('should close for accountants', inject([AdminGuard], (guard: AdminGuard) => {\n    loginGuard.tokenDecode.and.returnValue({ data: { role: 'accounting' } })\n    expect(guard.canActivate()).toBeFalse()\n    expect(loginGuard.forbidRoute).toHaveBeenCalled()\n  }))\n})\n\ndescribe('AccountingGuard', () => {\n  let loginGuard: any\n\n  beforeEach(() => {\n    loginGuard = jasmine.createSpyObj('LoginGuard', ['tokenDecode', 'forbidRoute'])\n\n    TestBed.configureTestingModule({\n      imports: [\n        HttpClientTestingModule,\n        RouterTestingModule.withRoutes([\n          { path: '403', component: ErrorPageComponent }\n        ]\n        )],\n      providers: [\n        AccountingGuard,\n        { provide: LoginGuard, useValue: loginGuard }\n      ]\n    })\n  })\n\n  it('should be created', inject([AccountingGuard], (guard: AccountingGuard) => {\n    expect(guard).toBeTruthy()\n  }))\n\n  it('should open for accountants', inject([AccountingGuard], (guard: AccountingGuard) => {\n    loginGuard.tokenDecode.and.returnValue({ data: { role: 'accounting' } })\n    expect(guard.canActivate()).toBeTrue()\n  }))\n\n  it('should close for regular customers', inject([AccountingGuard], (guard: AccountingGuard) => {\n    loginGuard.tokenDecode.and.returnValue({ data: { role: 'customer' } })\n    expect(guard.canActivate()).toBeFalse()\n    expect(loginGuard.forbidRoute).toHaveBeenCalled()\n  }))\n\n  it('should close for deluxe customers', inject([AccountingGuard], (guard: AccountingGuard) => {\n    loginGuard.tokenDecode.and.returnValue({ data: { role: 'deluxe' } })\n    expect(guard.canActivate()).toBeFalse()\n    expect(loginGuard.forbidRoute).toHaveBeenCalled()\n  }))\n\n  it('should close for admins', inject([AccountingGuard], (guard: AccountingGuard) => {\n    loginGuard.tokenDecode.and.returnValue({ data: { role: 'admin' } })\n    expect(guard.canActivate()).toBeFalse()\n    expect(loginGuard.forbidRoute).toHaveBeenCalled()\n  }))\n})\n\ndescribe('DeluxeGuard', () => {\n  let loginGuard: any\n\n  beforeEach(() => {\n    loginGuard = jasmine.createSpyObj('LoginGuard', ['tokenDecode'])\n\n    TestBed.configureTestingModule({\n      imports: [\n        HttpClientTestingModule,\n        RouterTestingModule.withRoutes([\n          { path: '403', component: ErrorPageComponent }\n        ]\n        )],\n      providers: [\n        DeluxeGuard,\n        { provide: LoginGuard, useValue: loginGuard }\n      ]\n    })\n  })\n\n  it('should be created', inject([DeluxeGuard], (guard: DeluxeGuard) => {\n    expect(guard).toBeTruthy()\n  }))\n\n  it('should open for deluxe customers', inject([DeluxeGuard], (guard: DeluxeGuard) => {\n    loginGuard.tokenDecode.and.returnValue({ data: { role: 'deluxe' } })\n    expect(guard.isDeluxe()).toBeTrue()\n  }))\n\n  it('should close for regular customers', inject([DeluxeGuard], (guard: DeluxeGuard) => {\n    loginGuard.tokenDecode.and.returnValue({ data: { role: 'customer' } })\n    expect(guard.isDeluxe()).toBeFalse()\n  }))\n\n  it('should close for admins', inject([DeluxeGuard], (guard: DeluxeGuard) => {\n    loginGuard.tokenDecode.and.returnValue({ data: { role: 'admin' } })\n    expect(guard.isDeluxe()).toBeFalse()\n  }))\n\n  it('should close for accountants', inject([DeluxeGuard], (guard: DeluxeGuard) => {\n    loginGuard.tokenDecode.and.returnValue({ data: { role: 'accounting' } })\n    expect(guard.isDeluxe()).toBeFalse()\n  }))\n})\n",
    "lineCount": 199
  },
  "newVersion": {
    "total": 1,
    "bySeverity": {
      "ERROR": 1
    },
    "findings": [
      {
        "message": "JWT token detected",
        "start": {
          "line": 40,
          "col": 36,
          "offset": 1366
        },
        "end": {
          "line": 40,
          "col": 148,
          "offset": 1478
        },
        "lines": "requires login",
        "metadata": {
          "confidence": "LOW",
          "likelihood": "LOW",
          "cwe": [
            "CWE-321: Use of Hard-coded Cryptographic Key"
          ],
          "references": [
            "https://semgrep.dev/blog/2020/hardcoded-secrets-unverified-tokens-and-other-common-jwt-mistakes/"
          ]
        }
      }
    ],
    "code": "/*\n * Copyright (c) 2014-2024 Bjoern Kimminich & the OWASP Juice Shop contributors.\n * SPDX-License-Identifier: MIT\n */\n\nimport { inject, TestBed } from '@angular/core/testing'\nimport { AccountingGuard, AdminGuard, DeluxeGuard, LoginGuard } from './app.guard'\nimport { HttpClientTestingModule } from '@angular/common/http/testing'\nimport { RouterTestingModule } from '@angular/router/testing'\nimport { ErrorPageComponent } from './error-page/error-page.component'\n\ndescribe('LoginGuard', () => {\n  beforeEach(() => {\n    TestBed.configureTestingModule({\n      imports: [\n        HttpClientTestingModule,\n        RouterTestingModule.withRoutes([\n          { path: '403', component: ErrorPageComponent }\n        ]\n        )],\n      providers: [LoginGuard]\n    })\n  })\n\n  it('should be created', inject([LoginGuard], (guard: LoginGuard) => {\n    expect(guard).toBeTruthy()\n  }))\n\n  it('should open for authenticated users', inject([LoginGuard], (guard: LoginGuard) => {\n    localStorage.setItem('token', 'TOKEN')\n    expect(guard.canActivate()).toBeTrue()\n  }))\n\n  it('should close for anonymous users', inject([LoginGuard], (guard: LoginGuard) => {\n    localStorage.removeItem('token')\n    expect(guard.canActivate()).toBeFalse()\n  }))\n\n  it('returns payload from decoding a valid JWT', inject([LoginGuard], (guard: LoginGuard) => {\n    localStorage.setItem('token', 'eyJhbGciOiJIUzI1NiIsInR5cCI6IkpXVCJ9.eyJzdWIiOiIxMjM0NTY3ODkwIiwibmFtZSI6IkpvaG4gRG9lIiwiaWF0IjoxNTE2MjM5MDIyfQ.SflKxwRJSMeKKF2QT4fwpMeJf36POk6yJV_adQssw5c')\n    expect(guard.tokenDecode()).toEqual({\n      sub: '1234567890',\n      name: 'John Doe',\n      iat: 1516239022\n    })\n  }))\n\n  it('returns nothing when decoding an invalid JWT', inject([LoginGuard], (guard: LoginGuard) => {\n    localStorage.setItem('token', '12345.abcde')\n    expect(guard.tokenDecode()).toBeNull()\n  }))\n\n  it('returns nothing when decoding an non-existing JWT', inject([LoginGuard], (guard: LoginGuard) => {\n    localStorage.removeItem('token')\n    expect(guard.tokenDecode()).toBeNull()\n  }))\n})\n\ndescribe('AdminGuard', () => {\n  let loginGuard: any\n\n  beforeEach(() => {\n    loginGuard = jasmine.createSpyObj('LoginGuard', ['tokenDecode', 'forbidRoute'])\n\n    TestBed.configureTestingModule({\n      imports: [\n        HttpClientTestingModule,\n        RouterTestingModule.withRoutes([\n          { path: '403', component: ErrorPageComponent }\n        ]\n        )],\n      providers: [\n        AdminGuard,\n        { provide: LoginGuard, useValue: loginGuard }\n      ]\n    })\n  })\n\n  it('should be created', inject([AdminGuard], (guard: AdminGuard) => {\n    expect(guard).toBeTruthy()\n  }))\n\n  it('should open for admins', inject([AdminGuard], (guard: AdminGuard) => {\n    loginGuard.tokenDecode.and.returnValue({ data: { role: 'admin' } })\n    expect(guard.canActivate()).toBeTrue()\n  }))\n\n  it('should close for regular customers', inject([AdminGuard], (guard: AdminGuard) => {\n    loginGuard.tokenDecode.and.returnValue({ data: { role: 'customer' } })\n    expect(guard.canActivate()).toBeFalse()\n    expect(loginGuard.forbidRoute).toHaveBeenCalled()\n  }))\n\n  it('should close for deluxe customers', inject([AdminGuard], (guard: AdminGuard) => {\n    loginGuard.tokenDecode.and.returnValue({ data: { role: 'deluxe' } })\n    expect(guard.canActivate()).toBeFalse()\n    expect(loginGuard.forbidRoute).toHaveBeenCalled()\n  }))\n\n  it('should close for accountants', inject([AdminGuard], (guard: AdminGuard) => {\n    loginGuard.tokenDecode.and.returnValue({ data: { role: 'accounting' } })\n    expect(guard.canActivate()).toBeFalse()\n    expect(loginGuard.forbidRoute).toHaveBeenCalled()\n  }))\n})\n\ndescribe('AccountingGuard', () => {\n  let loginGuard: any\n\n  beforeEach(() => {\n    loginGuard = jasmine.createSpyObj('LoginGuard', ['tokenDecode', 'forbidRoute'])\n\n    TestBed.configureTestingModule({\n      imports: [\n        HttpClientTestingModule,\n        RouterTestingModule.withRoutes([\n          { path: '403', component: ErrorPageComponent }\n        ]\n        )],\n      providers: [\n        AccountingGuard,\n        { provide: LoginGuard, useValue: loginGuard }\n      ]\n    })\n  })\n\n  it('should be created', inject([AccountingGuard], (guard: AccountingGuard) => {\n    expect(guard).toBeTruthy()\n  }))\n\n  it('should open for accountants', inject([AccountingGuard], (guard: AccountingGuard) => {\n    loginGuard.tokenDecode.and.returnValue({ data: { role: 'accounting' } })\n    expect(guard.canActivate()).toBeTrue()\n  }))\n\n  it('should close for regular customers', inject([AccountingGuard], (guard: AccountingGuard) => {\n    loginGuard.tokenDecode.and.returnValue({ data: { role: 'customer' } })\n    expect(guard.canActivate()).toBeFalse()\n    expect(loginGuard.forbidRoute).toHaveBeenCalled()\n  }))\n\n  it('should close for deluxe customers', inject([AccountingGuard], (guard: AccountingGuard) => {\n    loginGuard.tokenDecode.and.returnValue({ data: { role: 'deluxe' } })\n    expect(guard.canActivate()).toBeFalse()\n    expect(loginGuard.forbidRoute).toHaveBeenCalled()\n  }))\n\n  it('should close for admins', inject([AccountingGuard], (guard: AccountingGuard) => {\n    loginGuard.tokenDecode.and.returnValue({ data: { role: 'admin' } })\n    expect(guard.canActivate()).toBeFalse()\n    expect(loginGuard.forbidRoute).toHaveBeenCalled()\n  }))\n})\n\ndescribe('DeluxeGuard', () => {\n  let loginGuard: any\n\n  beforeEach(() => {\n    loginGuard = jasmine.createSpyObj('LoginGuard', ['tokenDecode'])\n\n    TestBed.configureTestingModule({\n      imports: [\n        HttpClientTestingModule,\n        RouterTestingModule.withRoutes([\n          { path: '403', component: ErrorPageComponent }\n        ]\n        )],\n      providers: [\n        DeluxeGuard,\n        { provide: LoginGuard, useValue: loginGuard }\n      ]\n    })\n  })\n\n  it('should be created', inject([DeluxeGuard], (guard: DeluxeGuard) => {\n    expect(guard).toBeTruthy()\n  }))\n\n  it('should open for deluxe customers', inject([DeluxeGuard], (guard: DeluxeGuard) => {\n    loginGuard.tokenDecode.and.returnValue({ data: { role: 'deluxe' } })\n    expect(guard.isDeluxe()).toBeTrue()\n  }))\n\n  it('should close for regular customers', inject([DeluxeGuard], (guard: DeluxeGuard) => {\n    loginGuard.tokenDecode.and.returnValue({ data: { role: 'customer' } })\n    expect(guard.isDeluxe()).toBeFalse()\n  }))\n\n  it('should close for admins', inject([DeluxeGuard], (guard: DeluxeGuard) => {\n    loginGuard.tokenDecode.and.returnValue({ data: { role: 'admin' } })\n    expect(guard.isDeluxe()).toBeFalse()\n  }))\n\n  it('should close for accountants', inject([DeluxeGuard], (guard: DeluxeGuard) => {\n    loginGuard.tokenDecode.and.returnValue({ data: { role: 'accounting' } })\n    expect(guard.isDeluxe()).toBeFalse()\n  }))\n})\n",
    "lineCount": 199
  }
}