{
  "filePath": "lib/startup/validatePreconditions.ts",
  "dif": 0,
  "oldVersion": {
    "total": 1,
    "bySeverity": {
      "WARNING": 1
    },
    "findings": [
      {
        "message": "Detected possible user input going into a `path.join` or `path.resolve` function. This could possibly lead to a path traversal vulnerability,  where the attacker can access arbitrary files stored in the file system. Instead, be sure to sanitize or validate user input first.",
        "start": {
          "line": 120,
          "col": 36,
          "offset": 5049
        },
        "end": {
          "line": 120,
          "col": 61,
          "offset": 5074
        },
        "lines": "requires login",
        "metadata": {
          "confidence": "LOW",
          "likelihood": "HIGH",
          "cwe": [
            "CWE-22: Improper Limitation of a Pathname to a Restricted Directory ('Path Traversal')"
          ],
          "references": [
            "https://owasp.org/www-community/attacks/Path_Traversal"
          ]
        }
      }
    ],
    "code": "/*\n * Copyright (c) 2014-2024 Bjoern Kimminich & the OWASP Juice Shop contributors.\n * SPDX-License-Identifier: MIT\n */\n\nimport pjson from '../../package.json'\nimport config from 'config'\nimport logger from '../logger'\nimport path from 'path'\nimport colors from 'colors/safe'\nimport { access } from 'fs/promises'\nimport process from 'process'\nimport semver from 'semver'\nimport portscanner from 'portscanner'\n// @ts-expect-error FIXME due to non-existing type definitions for check-internet-connected\nimport checkInternetConnected from 'check-internet-connected'\n\nconst domainDependencies = {\n  'https://www.alchemy.com/': ['\"Mint the Honeypot\" challenge', '\"Wallet Depletion\" challenge']\n}\n\nconst validatePreconditions = async ({ exitOnFailure = true } = {}) => {\n  let success = true\n  success = checkIfRunningOnSupportedNodeVersion(process.version) && success\n  success = checkIfRunningOnSupportedOS(process.platform) && success\n  success = checkIfRunningOnSupportedCPU(process.arch) && success\n\n  const asyncConditions = (await Promise.all([\n    checkIfRequiredFileExists('build/server.js'),\n    checkIfRequiredFileExists('frontend/dist/frontend/index.html'),\n    checkIfRequiredFileExists('frontend/dist/frontend/styles.css'),\n    checkIfRequiredFileExists('frontend/dist/frontend/main.js'),\n    checkIfRequiredFileExists('frontend/dist/frontend/polyfills.js'),\n    checkIfRequiredFileExists('frontend/dist/frontend/runtime.js'),\n    checkIfRequiredFileExists('frontend/dist/frontend/vendor.js'),\n    checkIfPortIsAvailable(process.env.PORT ?? config.get<number>('server.port')),\n    checkIfDomainReachable('https://www.alchemy.com/')\n  ])).every(condition => condition)\n\n  if ((!success || !asyncConditions) && exitOnFailure) {\n    logger.error(colors.red('Exiting due to unsatisfied precondition!'))\n    process.exit(1)\n  }\n  return success\n}\n\nexport const checkIfRunningOnSupportedNodeVersion = (runningVersion: string) => {\n  const supportedVersion = pjson.engines.node\n  const effectiveVersionRange = semver.validRange(supportedVersion)\n  if (!effectiveVersionRange) {\n    logger.warn(`Invalid Node.js version range ${colors.bold(supportedVersion)} in package.json (${colors.red('NOT OK')})`)\n    return false\n  }\n  if (!semver.satisfies(runningVersion, effectiveVersionRange)) {\n    logger.warn(`Detected Node version ${colors.bold(runningVersion)} is not in the supported version range of ${supportedVersion} (${colors.red('NOT OK')})`)\n    return false\n  }\n  logger.info(`Detected Node.js version ${colors.bold(runningVersion)} (${colors.green('OK')})`)\n  return true\n}\n\nexport const checkIfRunningOnSupportedOS = (runningOS: string) => {\n  const supportedOS = pjson.os\n  if (!supportedOS.includes(runningOS)) {\n    logger.warn(`Detected OS ${colors.bold(runningOS)} is not in the list of supported platforms ${supportedOS.toString()} (${colors.red('NOT OK')})`)\n    return false\n  }\n  logger.info(`Detected OS ${colors.bold(runningOS)} (${colors.green('OK')})`)\n  return true\n}\n\nexport const checkIfRunningOnSupportedCPU = (runningArch: string) => {\n  const supportedArch = pjson.cpu\n  if (!supportedArch.includes(runningArch)) {\n    logger.warn(`Detected CPU ${colors.bold(runningArch)} is not in the list of supported architectures ${supportedArch.toString()} (${colors.red('NOT OK')})`)\n    return false\n  }\n  logger.info(`Detected CPU ${colors.bold(runningArch)} (${colors.green('OK')})`)\n  return true\n}\n\nexport const checkIfDomainReachable = async (domain: string) => {\n  return checkInternetConnected({ domain })\n    .then(() => {\n      logger.info(`Domain ${colors.bold(domain)} is reachable (${colors.green('OK')})`)\n      return true\n    })\n    .catch(() => {\n      logger.warn(`Domain ${colors.bold(domain)} is not reachable (${colors.yellow('NOT OK')} in a future major release)`)\n      // @ts-expect-error FIXME Type problem by accessing key via variable\n      domainDependencies[domain].forEach((dependency: string) => {\n        logger.warn(`${colors.italic(dependency)} will not work as intended without access to ${colors.bold(domain)}`)\n      })\n      return true // TODO Consider switching to \"false\" with breaking release v16.0.0 or later\n    })\n}\n\nexport const checkIfPortIsAvailable = async (port: number | string) => {\n  const portNumber = parseInt(port.toString())\n  return await new Promise((resolve, reject) => {\n    portscanner.checkPortStatus(portNumber, function (error: unknown, status: string) {\n      if (error) {\n        reject(error)\n      } else {\n        if (status === 'open') {\n          logger.warn(`Port ${colors.bold(port.toString())} is in use (${colors.red('NOT OK')})`)\n          resolve(false)\n        } else {\n          logger.info(`Port ${colors.bold(port.toString())} is available (${colors.green('OK')})`)\n          resolve(true)\n        }\n      }\n    })\n  })\n}\n\nexport const checkIfRequiredFileExists = async (pathRelativeToProjectRoot: string) => {\n  const fileName = pathRelativeToProjectRoot.substr(pathRelativeToProjectRoot.lastIndexOf('/') + 1)\n\n  return await access(path.resolve(pathRelativeToProjectRoot)).then(() => {\n    logger.info(`Required file ${colors.bold(fileName)} is present (${colors.green('OK')})`)\n    return true\n  }).catch(() => {\n    logger.warn(`Required file ${colors.bold(fileName)} is missing (${colors.red('NOT OK')})`)\n    return false\n  })\n}\n\nexport default validatePreconditions\n",
    "lineCount": 130
  },
  "newVersion": {
    "total": 1,
    "bySeverity": {
      "WARNING": 1
    },
    "findings": [
      {
        "message": "Detected possible user input going into a `path.join` or `path.resolve` function. This could possibly lead to a path traversal vulnerability,  where the attacker can access arbitrary files stored in the file system. Instead, be sure to sanitize or validate user input first.",
        "start": {
          "line": 120,
          "col": 36,
          "offset": 5049
        },
        "end": {
          "line": 120,
          "col": 61,
          "offset": 5074
        },
        "lines": "requires login",
        "metadata": {
          "confidence": "LOW",
          "likelihood": "HIGH",
          "cwe": [
            "CWE-22: Improper Limitation of a Pathname to a Restricted Directory ('Path Traversal')"
          ],
          "references": [
            "https://owasp.org/www-community/attacks/Path_Traversal"
          ]
        }
      }
    ],
    "code": "/*\n * Copyright (c) 2014-2024 Bjoern Kimminich & the OWASP Juice Shop contributors.\n * SPDX-License-Identifier: MIT\n */\n\nimport pjson from '../../package.json'\nimport config from 'config'\nimport logger from '../logger'\nimport path from 'path'\nimport colors from 'colors/safe'\nimport { access } from 'fs/promises'\nimport process from 'process'\nimport semver from 'semver'\nimport portscanner from 'portscanner'\n// @ts-expect-error FIXME due to non-existing type definitions for check-internet-connected\nimport checkInternetConnected from 'check-internet-connected'\n\nconst domainDependencies = {\n  'https://www.alchemy.com/': ['\"Mint the Honeypot\" challenge', '\"Wallet Depletion\" challenge']\n}\n\nconst validatePreconditions = async ({ exitOnFailure = true } = {}) => {\n  let success = true\n  success = checkIfRunningOnSupportedNodeVersion(process.version) && success\n  success = checkIfRunningOnSupportedOS(process.platform) && success\n  success = checkIfRunningOnSupportedCPU(process.arch) && success\n\n  const asyncConditions = (await Promise.all([\n    checkIfRequiredFileExists('build/server.js'),\n    checkIfRequiredFileExists('frontend/dist/frontend/index.html'),\n    checkIfRequiredFileExists('frontend/dist/frontend/styles.css'),\n    checkIfRequiredFileExists('frontend/dist/frontend/main.js'),\n    checkIfRequiredFileExists('frontend/dist/frontend/polyfills.js'),\n    checkIfRequiredFileExists('frontend/dist/frontend/runtime.js'),\n    checkIfRequiredFileExists('frontend/dist/frontend/vendor.js'),\n    checkIfPortIsAvailable(process.env.PORT ?? config.get<number>('server.port')),\n    checkIfDomainReachable('https://www.alchemy.com/')\n  ])).every(condition => condition)\n\n  if ((!success || !asyncConditions) && exitOnFailure) {\n    logger.error(colors.red('Exiting due to unsatisfied precondition!'))\n    process.exit(1)\n  }\n  return success\n}\n\nexport const checkIfRunningOnSupportedNodeVersion = (runningVersion: string) => {\n  const supportedVersion = pjson.engines.node\n  const effectiveVersionRange = semver.validRange(supportedVersion)\n  if (!effectiveVersionRange) {\n    logger.warn(`Invalid Node.js version range ${colors.bold(supportedVersion)} in package.json (${colors.red('NOT OK')})`)\n    return false\n  }\n  if (!semver.satisfies(runningVersion, effectiveVersionRange)) {\n    logger.warn(`Detected Node version ${colors.bold(runningVersion)} is not in the supported version range of ${supportedVersion} (${colors.red('NOT OK')})`)\n    return false\n  }\n  logger.info(`Detected Node.js version ${colors.bold(runningVersion)} (${colors.green('OK')})`)\n  return true\n}\n\nexport const checkIfRunningOnSupportedOS = (runningOS: string) => {\n  const supportedOS = pjson.os\n  if (!supportedOS.includes(runningOS)) {\n    logger.warn(`Detected OS ${colors.bold(runningOS)} is not in the list of supported platforms ${supportedOS.toString()} (${colors.red('NOT OK')})`)\n    return false\n  }\n  logger.info(`Detected OS ${colors.bold(runningOS)} (${colors.green('OK')})`)\n  return true\n}\n\nexport const checkIfRunningOnSupportedCPU = (runningArch: string) => {\n  const supportedArch = pjson.cpu\n  if (!supportedArch.includes(runningArch)) {\n    logger.warn(`Detected CPU ${colors.bold(runningArch)} is not in the list of supported architectures ${supportedArch.toString()} (${colors.red('NOT OK')})`)\n    return false\n  }\n  logger.info(`Detected CPU ${colors.bold(runningArch)} (${colors.green('OK')})`)\n  return true\n}\n\nexport const checkIfDomainReachable = async (domain: string) => {\n  return checkInternetConnected({ domain })\n    .then(() => {\n      logger.info(`Domain ${colors.bold(domain)} is reachable (${colors.green('OK')})`)\n      return true\n    })\n    .catch(() => {\n      logger.warn(`Domain ${colors.bold(domain)} is not reachable (${colors.yellow('NOT OK')} in a future major release)`)\n      // @ts-expect-error FIXME Type problem by accessing key via variable\n      domainDependencies[domain].forEach((dependency: string) => {\n        logger.warn(`${colors.italic(dependency)} will not work as intended without access to ${colors.bold(domain)}`)\n      })\n      return true // TODO Consider switching to \"false\" with breaking release v16.0.0 or later\n    })\n}\n\nexport const checkIfPortIsAvailable = async (port: number | string) => {\n  const portNumber = parseInt(port.toString())\n  return await new Promise((resolve, reject) => {\n    portscanner.checkPortStatus(portNumber, function (error: unknown, status: string) {\n      if (error) {\n        reject(error)\n      } else {\n        if (status === 'open') {\n          logger.warn(`Port ${colors.bold(port.toString())} is in use (${colors.red('NOT OK')})`)\n          resolve(false)\n        } else {\n          logger.info(`Port ${colors.bold(port.toString())} is available (${colors.green('OK')})`)\n          resolve(true)\n        }\n      }\n    })\n  })\n}\n\nexport const checkIfRequiredFileExists = async (pathRelativeToProjectRoot: string) => {\n  const fileName = pathRelativeToProjectRoot.substr(pathRelativeToProjectRoot.lastIndexOf('/') + 1)\n\n  return await access(path.resolve(pathRelativeToProjectRoot)).then(() => {\n    logger.info(`Required file ${colors.bold(fileName)} is present (${colors.green('OK')})`)\n    return true\n  }).catch(() => {\n    logger.warn(`Required file ${colors.bold(fileName)} is missing (${colors.red('NOT OK')})`)\n    return false\n  })\n}\n\nexport default validatePreconditions\n",
    "lineCount": 130
  }
}