{
  "filePath": "lib/codingChallenges.ts",
  "dif": 0,
  "oldVersion": {
    "total": 4,
    "bySeverity": {
      "WARNING": 4
    },
    "findings": [
      {
        "message": "Detected possible user input going into a `path.join` or `path.resolve` function. This could possibly lead to a path traversal vulnerability,  where the attacker can access arbitrary files stored in the file system. Instead, be sure to sanitize or validate user input first.",
        "start": {
          "line": 24,
          "col": 40,
          "offset": 756
        },
        "end": {
          "line": 24,
          "col": 48,
          "offset": 764
        },
        "lines": "requires login",
        "metadata": {
          "confidence": "LOW",
          "likelihood": "HIGH",
          "cwe": [
            "CWE-22: Improper Limitation of a Pathname to a Restricted Directory ('Path Traversal')"
          ],
          "references": [
            "https://owasp.org/www-community/attacks/Path_Traversal"
          ]
        }
      },
      {
        "message": "Detected possible user input going into a `path.join` or `path.resolve` function. This could possibly lead to a path traversal vulnerability,  where the attacker can access arbitrary files stored in the file system. Instead, be sure to sanitize or validate user input first.",
        "start": {
          "line": 24,
          "col": 50,
          "offset": 766
        },
        "end": {
          "line": 24,
          "col": 54,
          "offset": 770
        },
        "lines": "requires login",
        "metadata": {
          "confidence": "LOW",
          "likelihood": "HIGH",
          "cwe": [
            "CWE-22: Improper Limitation of a Pathname to a Restricted Directory ('Path Traversal')"
          ],
          "references": [
            "https://owasp.org/www-community/attacks/Path_Traversal"
          ]
        }
      },
      {
        "message": "RegExp() called with a `challengeKey` function argument, this might allow an attacker to cause a Regular Expression Denial-of-Service (ReDoS) within your application as RegExP blocks the main thread. For this reason, it is recommended to use hardcoded regexes instead. If your regex is run on user-controlled input, consider performing input validation or use a regex checking/sanitization library such as https://www.npmjs.com/package/recheck to verify that the regex does not appear vulnerable to ReDoS.",
        "start": {
          "line": 76,
          "col": 9,
          "offset": 2975
        },
        "end": {
          "line": 76,
          "col": 67,
          "offset": 3033
        },
        "lines": "requires login",
        "metadata": {
          "confidence": "LOW",
          "likelihood": "MEDIUM",
          "cwe": [
            "CWE-1333: Inefficient Regular Expression Complexity"
          ],
          "references": [
            "https://owasp.org/www-community/attacks/Regular_expression_Denial_of_Service_-_ReDoS"
          ]
        }
      },
      {
        "message": "RegExp() called with a `challengeKey` function argument, this might allow an attacker to cause a Regular Expression Denial-of-Service (ReDoS) within your application as RegExP blocks the main thread. For this reason, it is recommended to use hardcoded regexes instead. If your regex is run on user-controlled input, consider performing input validation or use a regex checking/sanitization library such as https://www.npmjs.com/package/recheck to verify that the regex does not appear vulnerable to ReDoS.",
        "start": {
          "line": 78,
          "col": 16,
          "offset": 3103
        },
        "end": {
          "line": 78,
          "col": 77,
          "offset": 3164
        },
        "lines": "requires login",
        "metadata": {
          "confidence": "LOW",
          "likelihood": "MEDIUM",
          "cwe": [
            "CWE-1333: Inefficient Regular Expression Complexity"
          ],
          "references": [
            "https://owasp.org/www-community/attacks/Regular_expression_Denial_of_Service_-_ReDoS"
          ]
        }
      }
    ],
    "code": "import fs from 'fs/promises'\nimport path from 'path'\nimport logger from './logger'\n\nexport const SNIPPET_PATHS = Object.freeze(['./server.ts', './routes', './lib', './data', './data/static/web3-snippets', './frontend/src/app', './models'])\n\ninterface FileMatch {\n  path: string\n  content: string\n}\n\ninterface CachedCodeChallenge {\n  snippet: string\n  vulnLines: number[]\n  neutralLines: number[]\n}\n\nexport const findFilesWithCodeChallenges = async (paths: readonly string[]): Promise<FileMatch[]> => {\n  const matches = []\n  for (const currPath of paths) {\n    if ((await fs.lstat(currPath)).isDirectory()) {\n      const files = await fs.readdir(currPath)\n      const moreMatches = await findFilesWithCodeChallenges(\n        files.map(file => path.resolve(currPath, file))\n      )\n      matches.push(...moreMatches)\n    } else {\n      try {\n        const code = await fs.readFile(currPath, 'utf8')\n        if (\n          // strings are split so that it doesn't find itself...\n          code.includes('// vuln-code' + '-snippet start') ||\n          code.includes('# vuln-code' + '-snippet start')\n        ) {\n          matches.push({ path: currPath, content: code })\n        }\n      } catch (e) {\n        logger.warn(`File ${currPath} could not be read. it might have been moved or deleted. If coding challenges are contained in the file, they will not be available.`)\n      }\n    }\n  }\n\n  return matches\n}\n\nfunction getCodeChallengesFromFile (file: FileMatch) {\n  const fileContent = file.content\n\n  // get all challenges which are in the file by a regex capture group\n  const challengeKeyRegex = /[/#]{0,2} vuln-code-snippet start (?<challenges>.*)/g\n  const challenges = [...fileContent.matchAll(challengeKeyRegex)]\n    .flatMap(match => match.groups?.challenges?.split(' ') ?? [])\n    .filter(Boolean)\n\n  return challenges.map((challengeKey) => getCodingChallengeFromFileContent(fileContent, challengeKey))\n}\n\nfunction getCodingChallengeFromFileContent (source: string, challengeKey: string) {\n  const snippets = source.match(`[/#]{0,2} vuln-code-snippet start.*${challengeKey}([^])*vuln-code-snippet end.*${challengeKey}`)\n  if (snippets == null) {\n    throw new BrokenBoundary('Broken code snippet boundaries for: ' + challengeKey)\n  }\n  let snippet = snippets[0] // TODO Currently only a single code snippet is supported\n  snippet = snippet.replace(/\\s?[/#]{0,2} vuln-code-snippet start.*[\\r\\n]{0,2}/g, '')\n  snippet = snippet.replace(/\\s?[/#]{0,2} vuln-code-snippet end.*/g, '')\n  snippet = snippet.replace(/.*[/#]{0,2} vuln-code-snippet hide-line[\\r\\n]{0,2}/g, '')\n  snippet = snippet.replace(/.*[/#]{0,2} vuln-code-snippet hide-start([^])*[/#]{0,2} vuln-code-snippet hide-end[\\r\\n]{0,2}/g, '')\n  snippet = snippet.trim()\n\n  let lines = snippet.split('\\r\\n')\n  if (lines.length === 1) lines = snippet.split('\\n')\n  if (lines.length === 1) lines = snippet.split('\\r')\n  const vulnLines = []\n  const neutralLines = []\n  for (let i = 0; i < lines.length; i++) {\n    if (new RegExp(`vuln-code-snippet vuln-line.*${challengeKey}`).exec(lines[i]) != null) {\n      vulnLines.push(i + 1)\n    } else if (new RegExp(`vuln-code-snippet neutral-line.*${challengeKey}`).exec(lines[i]) != null) {\n      neutralLines.push(i + 1)\n    }\n  }\n  snippet = snippet.replace(/\\s?[/#]{0,2} vuln-code-snippet vuln-line.*/g, '')\n  snippet = snippet.replace(/\\s?[/#]{0,2} vuln-code-snippet neutral-line.*/g, '')\n  return { challengeKey, snippet, vulnLines, neutralLines }\n}\n\nclass BrokenBoundary extends Error {\n  constructor (message: string) {\n    super(message)\n    this.name = 'BrokenBoundary'\n    this.message = message\n  }\n}\n\n// dont use directly, use getCodeChallenges getter\nlet _internalCodeChallenges: Map<string, CachedCodeChallenge> | null = null\nexport async function getCodeChallenges (): Promise<Map<string, CachedCodeChallenge>> {\n  if (_internalCodeChallenges === null) {\n    _internalCodeChallenges = new Map<string, CachedCodeChallenge>()\n    const filesWithCodeChallenges = await findFilesWithCodeChallenges(SNIPPET_PATHS)\n    for (const fileMatch of filesWithCodeChallenges) {\n      for (const codeChallenge of getCodeChallengesFromFile(fileMatch)) {\n        _internalCodeChallenges.set(codeChallenge.challengeKey, {\n          snippet: codeChallenge.snippet,\n          vulnLines: codeChallenge.vulnLines,\n          neutralLines: codeChallenge.neutralLines\n        })\n      }\n    }\n  }\n  return _internalCodeChallenges\n}\n",
    "lineCount": 113
  },
  "newVersion": {
    "total": 4,
    "bySeverity": {
      "WARNING": 4
    },
    "findings": [
      {
        "message": "Detected possible user input going into a `path.join` or `path.resolve` function. This could possibly lead to a path traversal vulnerability,  where the attacker can access arbitrary files stored in the file system. Instead, be sure to sanitize or validate user input first.",
        "start": {
          "line": 24,
          "col": 40,
          "offset": 756
        },
        "end": {
          "line": 24,
          "col": 48,
          "offset": 764
        },
        "lines": "requires login",
        "metadata": {
          "confidence": "LOW",
          "likelihood": "HIGH",
          "cwe": [
            "CWE-22: Improper Limitation of a Pathname to a Restricted Directory ('Path Traversal')"
          ],
          "references": [
            "https://owasp.org/www-community/attacks/Path_Traversal"
          ]
        }
      },
      {
        "message": "Detected possible user input going into a `path.join` or `path.resolve` function. This could possibly lead to a path traversal vulnerability,  where the attacker can access arbitrary files stored in the file system. Instead, be sure to sanitize or validate user input first.",
        "start": {
          "line": 24,
          "col": 50,
          "offset": 766
        },
        "end": {
          "line": 24,
          "col": 54,
          "offset": 770
        },
        "lines": "requires login",
        "metadata": {
          "confidence": "LOW",
          "likelihood": "HIGH",
          "cwe": [
            "CWE-22: Improper Limitation of a Pathname to a Restricted Directory ('Path Traversal')"
          ],
          "references": [
            "https://owasp.org/www-community/attacks/Path_Traversal"
          ]
        }
      },
      {
        "message": "RegExp() called with a `challengeKey` function argument, this might allow an attacker to cause a Regular Expression Denial-of-Service (ReDoS) within your application as RegExP blocks the main thread. For this reason, it is recommended to use hardcoded regexes instead. If your regex is run on user-controlled input, consider performing input validation or use a regex checking/sanitization library such as https://www.npmjs.com/package/recheck to verify that the regex does not appear vulnerable to ReDoS.",
        "start": {
          "line": 76,
          "col": 9,
          "offset": 2975
        },
        "end": {
          "line": 76,
          "col": 67,
          "offset": 3033
        },
        "lines": "requires login",
        "metadata": {
          "confidence": "LOW",
          "likelihood": "MEDIUM",
          "cwe": [
            "CWE-1333: Inefficient Regular Expression Complexity"
          ],
          "references": [
            "https://owasp.org/www-community/attacks/Regular_expression_Denial_of_Service_-_ReDoS"
          ]
        }
      },
      {
        "message": "RegExp() called with a `challengeKey` function argument, this might allow an attacker to cause a Regular Expression Denial-of-Service (ReDoS) within your application as RegExP blocks the main thread. For this reason, it is recommended to use hardcoded regexes instead. If your regex is run on user-controlled input, consider performing input validation or use a regex checking/sanitization library such as https://www.npmjs.com/package/recheck to verify that the regex does not appear vulnerable to ReDoS.",
        "start": {
          "line": 78,
          "col": 16,
          "offset": 3103
        },
        "end": {
          "line": 78,
          "col": 77,
          "offset": 3164
        },
        "lines": "requires login",
        "metadata": {
          "confidence": "LOW",
          "likelihood": "MEDIUM",
          "cwe": [
            "CWE-1333: Inefficient Regular Expression Complexity"
          ],
          "references": [
            "https://owasp.org/www-community/attacks/Regular_expression_Denial_of_Service_-_ReDoS"
          ]
        }
      }
    ],
    "code": "import fs from 'fs/promises'\nimport path from 'path'\nimport logger from './logger'\n\nexport const SNIPPET_PATHS = Object.freeze(['./server.ts', './routes', './lib', './data', './data/static/web3-snippets', './frontend/src/app', './models'])\n\ninterface FileMatch {\n  path: string\n  content: string\n}\n\ninterface CachedCodeChallenge {\n  snippet: string\n  vulnLines: number[]\n  neutralLines: number[]\n}\n\nexport const findFilesWithCodeChallenges = async (paths: readonly string[]): Promise<FileMatch[]> => {\n  const matches = []\n  for (const currPath of paths) {\n    if ((await fs.lstat(currPath)).isDirectory()) {\n      const files = await fs.readdir(currPath)\n      const moreMatches = await findFilesWithCodeChallenges(\n        files.map(file => path.resolve(currPath, file))\n      )\n      matches.push(...moreMatches)\n    } else {\n      try {\n        const code = await fs.readFile(currPath, 'utf8')\n        if (\n          // strings are split so that it doesn't find itself...\n          code.includes('// vuln-code' + '-snippet start') ||\n          code.includes('# vuln-code' + '-snippet start')\n        ) {\n          matches.push({ path: currPath, content: code })\n        }\n      } catch (e) {\n        logger.warn(`File ${currPath} could not be read. it might have been moved or deleted. If coding challenges are contained in the file, they will not be available.`)\n      }\n    }\n  }\n\n  return matches\n}\n\nfunction getCodeChallengesFromFile (file: FileMatch) {\n  const fileContent = file.content\n\n  // get all challenges which are in the file by a regex capture group\n  const challengeKeyRegex = /[/#]{0,2} vuln-code-snippet start (?<challenges>.*)/g\n  const challenges = [...fileContent.matchAll(challengeKeyRegex)]\n    .flatMap(match => match.groups?.challenges?.split(' ') ?? [])\n    .filter(Boolean)\n\n  return challenges.map((challengeKey) => getCodingChallengeFromFileContent(fileContent, challengeKey))\n}\n\nfunction getCodingChallengeFromFileContent (source: string, challengeKey: string) {\n  const snippets = source.match(`[/#]{0,2} vuln-code-snippet start.*${challengeKey}([^])*vuln-code-snippet end.*${challengeKey}`)\n  if (snippets == null) {\n    throw new BrokenBoundary('Broken code snippet boundaries for: ' + challengeKey)\n  }\n  let snippet = snippets[0] // TODO Currently only a single code snippet is supported\n  snippet = snippet.replace(/\\s?[/#]{0,2} vuln-code-snippet start.*[\\r\\n]{0,2}/g, '')\n  snippet = snippet.replace(/\\s?[/#]{0,2} vuln-code-snippet end.*/g, '')\n  snippet = snippet.replace(/.*[/#]{0,2} vuln-code-snippet hide-line[\\r\\n]{0,2}/g, '')\n  snippet = snippet.replace(/.*[/#]{0,2} vuln-code-snippet hide-start([^])*[/#]{0,2} vuln-code-snippet hide-end[\\r\\n]{0,2}/g, '')\n  snippet = snippet.trim()\n\n  let lines = snippet.split('\\r\\n')\n  if (lines.length === 1) lines = snippet.split('\\n')\n  if (lines.length === 1) lines = snippet.split('\\r')\n  const vulnLines = []\n  const neutralLines = []\n  for (let i = 0; i < lines.length; i++) {\n    if (new RegExp(`vuln-code-snippet vuln-line.*${challengeKey}`).exec(lines[i]) != null) {\n      vulnLines.push(i + 1)\n    } else if (new RegExp(`vuln-code-snippet neutral-line.*${challengeKey}`).exec(lines[i]) != null) {\n      neutralLines.push(i + 1)\n    }\n  }\n  snippet = snippet.replace(/\\s?[/#]{0,2} vuln-code-snippet vuln-line.*/g, '')\n  snippet = snippet.replace(/\\s?[/#]{0,2} vuln-code-snippet neutral-line.*/g, '')\n  return { challengeKey, snippet, vulnLines, neutralLines }\n}\n\nclass BrokenBoundary extends Error {\n  constructor (message: string) {\n    super(message)\n    this.name = 'BrokenBoundary'\n    this.message = message\n  }\n}\n\n// dont use directly, use getCodeChallenges getter\nlet _internalCodeChallenges: Map<string, CachedCodeChallenge> | null = null\nexport async function getCodeChallenges (): Promise<Map<string, CachedCodeChallenge>> {\n  if (_internalCodeChallenges === null) {\n    _internalCodeChallenges = new Map<string, CachedCodeChallenge>()\n    const filesWithCodeChallenges = await findFilesWithCodeChallenges(SNIPPET_PATHS)\n    for (const fileMatch of filesWithCodeChallenges) {\n      for (const codeChallenge of getCodeChallengesFromFile(fileMatch)) {\n        _internalCodeChallenges.set(codeChallenge.challengeKey, {\n          snippet: codeChallenge.snippet,\n          vulnLines: codeChallenge.vulnLines,\n          neutralLines: codeChallenge.neutralLines\n        })\n      }\n    }\n  }\n  return _internalCodeChallenges\n}\n",
    "lineCount": 113
  }
}