{
  "filePath": "lib/startup/restoreOverwrittenFilesWithOriginals.ts",
  "dif": 0,
  "oldVersion": {
    "total": 1,
    "bySeverity": {
      "WARNING": 1
    },
    "findings": [
      {
        "message": "Detected possible user input going into a `path.join` or `path.resolve` function. This could possibly lead to a path traversal vulnerability,  where the attacker can access arbitrary files stored in the file system. Instead, be sure to sanitize or validate user input first.",
        "start": {
          "line": 28,
          "col": 56,
          "offset": 945
        },
        "end": {
          "line": 28,
          "col": 105,
          "offset": 994
        },
        "lines": "requires login",
        "metadata": {
          "confidence": "LOW",
          "likelihood": "HIGH",
          "cwe": [
            "CWE-22: Improper Limitation of a Pathname to a Restricted Directory ('Path Traversal')"
          ],
          "references": [
            "https://owasp.org/www-community/attacks/Path_Traversal"
          ]
        }
      }
    ],
    "code": "/*\n * Copyright (c) 2014-2024 Bjoern Kimminich & the OWASP Juice Shop contributors.\n * SPDX-License-Identifier: MIT\n */\n\nimport path from 'path'\nimport * as utils from '../utils'\nimport logger from '../logger'\nimport { copyFile, access } from 'fs/promises'\nimport { glob } from 'glob'\n\nconst exists = async (path: string) => await access(path).then(() => true).catch(() => false)\n\nconst restoreOverwrittenFilesWithOriginals = async () => {\n  await copyFile(path.resolve('data/static/legal.md'), path.resolve('ftp/legal.md'))\n\n  if (await exists(path.resolve('frontend/dist'))) {\n    await copyFile(\n      path.resolve('data/static/owasp_promo.vtt'),\n      path.resolve('frontend/dist/frontend/assets/public/videos/owasp_promo.vtt')\n    )\n  }\n\n  try {\n    const files = await glob(path.resolve('data/static/i18n/*.json'))\n    await Promise.all(\n      files.map(async (filename: string) => {\n        await copyFile(filename, path.resolve('i18n/', filename.substring(filename.lastIndexOf('/') + 1)))\n      })\n    )\n  } catch (err) {\n    logger.warn('Error listing JSON files in /data/static/i18n folder: ' + utils.getErrorMessage(err))\n  }\n}\n\nexport default restoreOverwrittenFilesWithOriginals\n",
    "lineCount": 37
  },
  "newVersion": {
    "total": 1,
    "bySeverity": {
      "WARNING": 1
    },
    "findings": [
      {
        "message": "Detected possible user input going into a `path.join` or `path.resolve` function. This could possibly lead to a path traversal vulnerability,  where the attacker can access arbitrary files stored in the file system. Instead, be sure to sanitize or validate user input first.",
        "start": {
          "line": 28,
          "col": 56,
          "offset": 953
        },
        "end": {
          "line": 28,
          "col": 105,
          "offset": 1002
        },
        "lines": "requires login",
        "metadata": {
          "confidence": "LOW",
          "likelihood": "HIGH",
          "cwe": [
            "CWE-22: Improper Limitation of a Pathname to a Restricted Directory ('Path Traversal')"
          ],
          "references": [
            "https://owasp.org/www-community/attacks/Path_Traversal"
          ]
        }
      }
    ],
    "code": "/*\n * Copyright (c) 2014-2024 Bjoern Kimminich & the OWASP Juice Shop contributors.\n * SPDX-License-Identifier: MIT\n */\n\nimport path from 'path'\nimport * as utils from '../utils'\nimport logger from '../logger'\nimport { copyFile, access } from 'fs/promises'\nimport { glob } from 'glob'\n\nconst exists = async (filePath: string) => await access(filePath).then(() => true).catch(() => false)\n\nconst restoreOverwrittenFilesWithOriginals = async () => {\n  await copyFile(path.resolve('data/static/legal.md'), path.resolve('ftp/legal.md'))\n\n  if (await exists(path.resolve('frontend/dist'))) {\n    await copyFile(\n      path.resolve('data/static/owasp_promo.vtt'),\n      path.resolve('frontend/dist/frontend/assets/public/videos/owasp_promo.vtt')\n    )\n  }\n\n  try {\n    const files = await glob(path.resolve('data/static/i18n/*.json'))\n    await Promise.all(\n      files.map(async (filename: string) => {\n        await copyFile(filename, path.resolve('i18n/', filename.substring(filename.lastIndexOf('/') + 1)))\n      })\n    )\n  } catch (err) {\n    logger.warn('Error listing JSON files in /data/static/i18n folder: ' + utils.getErrorMessage(err))\n  }\n}\n\nexport default restoreOverwrittenFilesWithOriginals",
    "lineCount": 36
  }
}