{
  "filePath": "routes/search.ts",
  "dif": -1,
  "oldVersion": {
    "total": 2,
    "bySeverity": {
      "ERROR": 2
    },
    "findings": [
      {
        "message": "Detected a sequelize statement that is tainted by user-input. This could lead to SQL injection if the variable is user-controlled and is not properly sanitized. In order to prevent SQL injection, it is recommended to use parameterized queries or prepared statements.",
        "start": {
          "line": 23,
          "col": 28,
          "offset": 857
        },
        "end": {
          "line": 23,
          "col": 159,
          "offset": 988
        },
        "lines": "requires login",
        "metadata": {
          "confidence": "HIGH",
          "likelihood": "HIGH",
          "cwe": [
            "CWE-89: Improper Neutralization of Special Elements used in an SQL Command ('SQL Injection')"
          ],
          "references": [
            "https://sequelize.org/docs/v6/core-concepts/raw-queries/#replacements"
          ]
        }
      },
      {
        "message": "Detected user input used to manually construct a SQL string. This is usually bad practice because manual construction could accidentally result in a SQL injection. An attacker could use a SQL injection to steal or modify contents of the database. Instead, use a parameterized query which is available by default in most database engines. Alternatively, consider using an object-relational mapper (ORM) such as Sequelize which will protect your queries.",
        "start": {
          "line": 23,
          "col": 74,
          "offset": 903
        },
        "end": {
          "line": 23,
          "col": 82,
          "offset": 911
        },
        "lines": "requires login",
        "metadata": {
          "confidence": "MEDIUM",
          "likelihood": "HIGH",
          "cwe": [
            "CWE-89: Improper Neutralization of Special Elements used in an SQL Command ('SQL Injection')"
          ],
          "references": [
            "https://owasp.org/www-community/attacks/SQL_Injection"
          ]
        }
      }
    ],
    "code": "/*\n * Copyright (c) 2014-2024 Bjoern Kimminich & the OWASP Juice Shop contributors.\n * SPDX-License-Identifier: MIT\n */\n\nimport * as models from '../models/index'\nimport { type Request, type Response, type NextFunction } from 'express'\nimport { UserModel } from '../models/user'\nimport { challenges } from '../data/datacache'\n\nimport * as utils from '../lib/utils'\nconst challengeUtils = require('../lib/challengeUtils')\n\nclass ErrorWithParent extends Error {\n  parent: Error | undefined\n}\n\n// vuln-code-snippet start unionSqlInjectionChallenge dbSchemaChallenge\nmodule.exports = function searchProducts () {\n  return (req: Request, res: Response, next: NextFunction) => {\n    let criteria: any = req.query.q === 'undefined' ? '' : req.query.q ?? ''\n    criteria = (criteria.length <= 200) ? criteria : criteria.substring(0, 200)\n    models.sequelize.query(`SELECT * FROM Products WHERE ((name LIKE '%${criteria}%' OR description LIKE '%${criteria}%') AND deletedAt IS NULL) ORDER BY name`) // vuln-code-snippet vuln-line unionSqlInjectionChallenge dbSchemaChallenge\n      .then(([products]: any) => {\n        const dataString = JSON.stringify(products)\n        if (challengeUtils.notSolved(challenges.unionSqlInjectionChallenge)) { // vuln-code-snippet hide-start\n          let solved = true\n          UserModel.findAll().then(data => {\n            const users = utils.queryResultToJson(data)\n            if (users.data?.length) {\n              for (let i = 0; i < users.data.length; i++) {\n                solved = solved && utils.containsOrEscaped(dataString, users.data[i].email) && utils.contains(dataString, users.data[i].password)\n                if (!solved) {\n                  break\n                }\n              }\n              if (solved) {\n                challengeUtils.solve(challenges.unionSqlInjectionChallenge)\n              }\n            }\n          }).catch((error: Error) => {\n            next(error)\n          })\n        }\n        if (challengeUtils.notSolved(challenges.dbSchemaChallenge)) {\n          let solved = true\n          void models.sequelize.query('SELECT sql FROM sqlite_master').then(([data]: any) => {\n            const tableDefinitions = utils.queryResultToJson(data)\n            if (tableDefinitions.data?.length) {\n              for (let i = 0; i < tableDefinitions.data.length; i++) {\n                if (tableDefinitions.data[i].sql) {\n                  solved = solved && utils.containsOrEscaped(dataString, tableDefinitions.data[i].sql)\n                  if (!solved) {\n                    break\n                  }\n                }\n              }\n              if (solved) {\n                challengeUtils.solve(challenges.dbSchemaChallenge)\n              }\n            }\n          })\n        } // vuln-code-snippet hide-end\n        for (let i = 0; i < products.length; i++) {\n          products[i].name = req.__(products[i].name)\n          products[i].description = req.__(products[i].description)\n        }\n        res.json(utils.queryResultToJson(products))\n      }).catch((error: ErrorWithParent) => {\n        next(error.parent)\n      })\n  }\n}\n// vuln-code-snippet end unionSqlInjectionChallenge dbSchemaChallenge\n",
    "lineCount": 75
  },
  "newVersion": {
    "total": 1,
    "bySeverity": {
      "ERROR": 1
    },
    "findings": [
      {
        "message": "Detected a sequelize statement that is tainted by user-input. This could lead to SQL injection if the variable is user-controlled and is not properly sanitized. In order to prevent SQL injection, it is recommended to use parameterized queries or prepared statements.",
        "start": {
          "line": 23,
          "col": 28,
          "offset": 857
        },
        "end": {
          "line": 26,
          "col": 6,
          "offset": 1049
        },
        "lines": "requires login",
        "metadata": {
          "confidence": "HIGH",
          "likelihood": "HIGH",
          "cwe": [
            "CWE-89: Improper Neutralization of Special Elements used in an SQL Command ('SQL Injection')"
          ],
          "references": [
            "https://sequelize.org/docs/v6/core-concepts/raw-queries/#replacements"
          ]
        }
      }
    ],
    "code": "/*\n * Copyright (c) 2014-2024 Bjoern Kimminich & the OWASP Juice Shop contributors.\n * SPDX-License-Identifier: MIT\n */\n\nimport * as models from '../models/index'\nimport { type Request, type Response, type NextFunction } from 'express'\nimport { UserModel } from '../models/user'\nimport { challenges } from '../data/datacache'\n\nimport * as utils from '../lib/utils'\nconst challengeUtils = require('../lib/challengeUtils')\n\nclass ErrorWithParent extends Error {\n  parent: Error | undefined\n}\n\n// vuln-code-snippet start unionSqlInjectionChallenge dbSchemaChallenge\nmodule.exports = function searchProducts () {\n  return (req: Request, res: Response, next: NextFunction) => {\n    let criteria: any = req.query.q === 'undefined' ? '' : req.query.q ?? ''\n    criteria = (criteria.length <= 200) ? criteria : criteria.substring(0, 200)\n    models.sequelize.query({\n      query: `SELECT * FROM Products WHERE ((name LIKE :criteria OR description LIKE :criteria) AND deletedAt IS NULL) ORDER BY name`,\n      replacements: { criteria: `%${criteria}%` }\n    }) // vuln-code-snippet vuln-line unionSqlInjectionChallenge dbSchemaChallenge\n      .then(([products]: any) => {\n        const dataString = JSON.stringify(products)\n        if (challengeUtils.notSolved(challenges.unionSqlInjectionChallenge)) { // vuln-code-snippet hide-start\n          let solved = true\n          UserModel.findAll().then(data => {\n            const users = utils.queryResultToJson(data)\n            if (users.data?.length) {\n              for (let i = 0; i < users.data.length; i++) {\n                solved = solved && utils.containsOrEscaped(dataString, users.data[i].email) && utils.contains(dataString, users.data[i].password)\n                if (!solved) {\n                  break\n                }\n              }\n              if (solved) {\n                challengeUtils.solve(challenges.unionSqlInjectionChallenge)\n              }\n            }\n          }).catch((error: Error) => {\n            next(error)\n          })\n        }\n        if (challengeUtils.notSolved(challenges.dbSchemaChallenge)) {\n          let solved = true\n          void models.sequelize.query('SELECT sql FROM sqlite_master').then(([data]: any) => {\n            const tableDefinitions = utils.queryResultToJson(data)\n            if (tableDefinitions.data?.length) {\n              for (let i = 0; i < tableDefinitions.data.length; i++) {\n                if (tableDefinitions.data[i].sql) {\n                  solved = solved && utils.containsOrEscaped(dataString, tableDefinitions.data[i].sql)\n                  if (!solved) {\n                    break\n                  }\n                }\n              }\n              if (solved) {\n                challengeUtils.solve(challenges.dbSchemaChallenge)\n              }\n            }\n          })\n        } // vuln-code-snippet hide-end\n        for (let i = 0; i < products.length; i++) {\n          products[i].name = req.__(products[i].name)\n          products[i].description = req.__(products[i].description)\n        }\n        res.json(utils.queryResultToJson(products))\n      }).catch((error: ErrorWithParent) => {\n        next(error.parent)\n      })\n  }\n}\n// vuln-code-snippet end unionSqlInjectionChallenge dbSchemaChallenge",
    "lineCount": 77
  }
}