{
  "filePath": "routes/chatbot.ts",
  "dif": 0,
  "oldVersion": {
    "total": 1,
    "bySeverity": {
      "WARNING": 1
    },
    "findings": [
      {
        "message": "User data flows into the host portion of this manually-constructed HTML. This can introduce a Cross-Site-Scripting (XSS) vulnerability if this comes from user-provided input. Consider using a sanitization library such as DOMPurify to sanitize the HTML within.",
        "start": {
          "line": 198,
          "col": 46,
          "offset": 6146
        },
        "end": {
          "line": 198,
          "col": 56,
          "offset": 6156
        },
        "lines": "requires login",
        "metadata": {
          "confidence": "MEDIUM",
          "likelihood": "HIGH",
          "cwe": [
            "CWE-79: Improper Neutralization of Input During Web Page Generation ('Cross-site Scripting')"
          ],
          "references": [
            "https://cheatsheetseries.owasp.org/cheatsheets/Cross_Site_Scripting_Prevention_Cheat_Sheet.html"
          ]
        }
      }
    ],
    "code": "/*\n * Copyright (c) 2014-2024 Bjoern Kimminich & the OWASP Juice Shop contributors.\n * SPDX-License-Identifier: MIT\n */\n\nimport fs from 'fs/promises'\nimport { type Request, type Response, type NextFunction } from 'express'\nimport { type User } from '../data/types'\nimport { UserModel } from '../models/user'\nimport jwt, { type JwtPayload, type VerifyErrors } from 'jsonwebtoken'\nimport challengeUtils = require('../lib/challengeUtils')\nimport logger from '../lib/logger'\nimport config from 'config'\nimport download from 'download'\nimport * as utils from '../lib/utils'\nimport { isString } from 'lodash'\nimport { Bot } from 'juicy-chat-bot'\nimport validateChatBot from '../lib/startup/validateChatBot'\nimport * as security from '../lib/insecurity'\nimport * as botUtils from '../lib/botUtils'\nimport { challenges } from '../data/datacache'\n\nlet trainingFile = config.get<string>('application.chatBot.trainingData')\nlet testCommand: string\nexport let bot: Bot | null = null\n\nexport async function initialize () {\n  if (utils.isUrl(trainingFile)) {\n    const file = utils.extractFilename(trainingFile)\n    const data = await download(trainingFile)\n    await fs.writeFile('data/chatbot/' + file, data)\n  }\n\n  await fs.copyFile(\n    'data/static/botDefaultTrainingData.json',\n    'data/chatbot/botDefaultTrainingData.json'\n  )\n\n  trainingFile = utils.extractFilename(trainingFile)\n  const trainingSet = await fs.readFile(`data/chatbot/${trainingFile}`, 'utf8')\n  validateChatBot(JSON.parse(trainingSet))\n\n  testCommand = JSON.parse(trainingSet).data[0].utterances[0]\n  bot = new Bot(config.get('application.chatBot.name'), config.get('application.chatBot.greeting'), trainingSet, config.get('application.chatBot.defaultResponse'))\n  return bot.train()\n}\n\nvoid initialize()\n\nasync function processQuery (user: User, req: Request, res: Response, next: NextFunction) {\n  if (bot == null) {\n    res.status(503).send()\n    return\n  }\n  const username = user.username\n  if (!username) {\n    res.status(200).json({\n      action: 'namequery',\n      body: 'I\\'m sorry I didn\\'t get your name. What shall I call you?'\n    })\n    return\n  }\n\n  if (!bot.factory.run(`currentUser('${user.id}')`)) {\n    try {\n      bot.addUser(`${user.id}`, username)\n      res.status(200).json({\n        action: 'response',\n        body: bot.greet(`${user.id}`)\n      })\n    } catch (err) {\n      next(new Error('Blocked illegal activity by ' + req.socket.remoteAddress))\n    }\n    return\n  }\n\n  if (bot.factory.run(`currentUser('${user.id}')`) !== username) {\n    bot.addUser(`${user.id}`, username)\n    try {\n      bot.addUser(`${user.id}`, username)\n    } catch (err) {\n      next(new Error('Blocked illegal activity by ' + req.socket.remoteAddress))\n      return\n    }\n  }\n\n  if (!req.body.query) {\n    res.status(200).json({\n      action: 'response',\n      body: bot.greet(`${user.id}`)\n    })\n    return\n  }\n\n  try {\n    const response = await bot.respond(req.body.query, `${user.id}`)\n    if (response.action === 'function') {\n      // @ts-expect-error FIXME unclean usage of any type as index\n      if (response.handler && botUtils[response.handler]) {\n        // @ts-expect-error FIXME unclean usage of any type as index\n        res.status(200).json(await botUtils[response.handler](req.body.query, user))\n      } else {\n        res.status(200).json({\n          action: 'response',\n          body: config.get('application.chatBot.defaultResponse')\n        })\n      }\n    } else {\n      res.status(200).json(response)\n    }\n  } catch (err) {\n    try {\n      await bot.respond(testCommand, `${user.id}`)\n      res.status(200).json({\n        action: 'response',\n        body: config.get('application.chatBot.defaultResponse')\n      })\n    } catch (err) {\n      challengeUtils.solveIf(challenges.killChatbotChallenge, () => { return true })\n      res.status(200).json({\n        action: 'response',\n        body: `Remember to stay hydrated while I try to recover from \"${utils.getErrorMessage(err)}\"...`\n      })\n    }\n  }\n}\n\nasync function setUserName (user: User, req: Request, res: Response) {\n  if (bot == null) {\n    return\n  }\n  try {\n    const userModel = await UserModel.findByPk(user.id)\n    if (userModel == null) {\n      res.status(401).json({\n        status: 'error',\n        error: 'Unknown user'\n      })\n      return\n    }\n    const updatedUser = await userModel.update({ username: req.body.query })\n    const updatedUserResponse = utils.queryResultToJson(updatedUser)\n    const updatedToken = security.authorize(updatedUserResponse)\n    // @ts-expect-error FIXME some properties missing in updatedUserResponse\n    security.authenticatedUsers.put(updatedToken, updatedUserResponse)\n    bot.addUser(`${updatedUser.id}`, req.body.query)\n    res.status(200).json({\n      action: 'response',\n      body: bot.greet(`${updatedUser.id}`),\n      token: updatedToken\n    })\n  } catch (err) {\n    logger.error(`Could not set username: ${utils.getErrorMessage(err)}`)\n    res.status(500).send()\n  }\n}\n\nexport const status = function status () {\n  return async (req: Request, res: Response, next: NextFunction) => {\n    if (bot == null) {\n      res.status(200).json({\n        status: false,\n        body: `${config.get<string>('application.chatBot.name')} isn't ready at the moment, please wait while I set things up`\n      })\n      return\n    }\n    const token = req.cookies.token || utils.jwtFrom(req)\n    if (!token) {\n      res.status(200).json({\n        status: bot.training.state,\n        body: `Hi, I can't recognize you. Sign in to talk to ${config.get<string>('application.chatBot.name')}`\n      })\n      return\n    }\n\n    const user = await getUserFromJwt(token)\n    if (user == null) {\n      res.status(401).json({\n        error: 'Unauthenticated user'\n      })\n      return\n    }\n\n    const username = user.username\n\n    if (!username) {\n      res.status(200).json({\n        action: 'namequery',\n        body: 'I\\'m sorry I didn\\'t get your name. What shall I call you?'\n      })\n      return\n    }\n\n    try {\n      bot.addUser(`${user.id}`, username)\n      res.status(200).json({\n        status: bot.training.state,\n        body: bot.training.state ? bot.greet(`${user.id}`) : `${config.get<string>('application.chatBot.name')} isn't ready at the moment, please wait while I set things up`\n      })\n    } catch (err) {\n      next(new Error('Blocked illegal activity by ' + req.socket.remoteAddress))\n    }\n  }\n}\n\nmodule.exports.process = function respond () {\n  return async (req: Request, res: Response, next: NextFunction) => {\n    if (bot == null) {\n      res.status(200).json({\n        action: 'response',\n        body: `${config.get<string>('application.chatBot.name')} isn't ready at the moment, please wait while I set things up`\n      })\n    }\n    const token = req.cookies.token || utils.jwtFrom(req)\n    if (!token) {\n      res.status(400).json({\n        error: 'Unauthenticated user'\n      })\n      return\n    }\n\n    const user = await getUserFromJwt(token)\n    if (user == null) {\n      res.status(401).json({\n        error: 'Unauthenticated user'\n      })\n      return\n    }\n\n    if (req.body.action === 'query') {\n      await processQuery(user, req, res, next)\n    } else if (req.body.action === 'setname') {\n      await setUserName(user, req, res)\n    }\n  }\n}\n\nasync function getUserFromJwt (token: string): Promise<User | null> {\n  return await new Promise((resolve) => {\n    jwt.verify(token, security.publicKey, (err: VerifyErrors | null, decoded: JwtPayload | string | undefined) => {\n      if (err !== null || !decoded || isString(decoded)) {\n        resolve(null)\n      } else {\n        resolve(decoded.data)\n      }\n    })\n  })\n}\n",
    "lineCount": 249
  },
  "newVersion": {
    "total": 1,
    "bySeverity": {
      "WARNING": 1
    },
    "findings": [
      {
        "message": "User data flows into the host portion of this manually-constructed HTML. This can introduce a Cross-Site-Scripting (XSS) vulnerability if this comes from user-provided input. Consider using a sanitization library such as DOMPurify to sanitize the HTML within.",
        "start": {
          "line": 198,
          "col": 46,
          "offset": 6146
        },
        "end": {
          "line": 198,
          "col": 56,
          "offset": 6156
        },
        "lines": "requires login",
        "metadata": {
          "confidence": "MEDIUM",
          "likelihood": "HIGH",
          "cwe": [
            "CWE-79: Improper Neutralization of Input During Web Page Generation ('Cross-site Scripting')"
          ],
          "references": [
            "https://cheatsheetseries.owasp.org/cheatsheets/Cross_Site_Scripting_Prevention_Cheat_Sheet.html"
          ]
        }
      }
    ],
    "code": "/*\n * Copyright (c) 2014-2024 Bjoern Kimminich & the OWASP Juice Shop contributors.\n * SPDX-License-Identifier: MIT\n */\n\nimport fs from 'fs/promises'\nimport { type Request, type Response, type NextFunction } from 'express'\nimport { type User } from '../data/types'\nimport { UserModel } from '../models/user'\nimport jwt, { type JwtPayload, type VerifyErrors } from 'jsonwebtoken'\nimport challengeUtils = require('../lib/challengeUtils')\nimport logger from '../lib/logger'\nimport config from 'config'\nimport download from 'download'\nimport * as utils from '../lib/utils'\nimport { isString } from 'lodash'\nimport { Bot } from 'juicy-chat-bot'\nimport validateChatBot from '../lib/startup/validateChatBot'\nimport * as security from '../lib/insecurity'\nimport * as botUtils from '../lib/botUtils'\nimport { challenges } from '../data/datacache'\n\nlet trainingFile = config.get<string>('application.chatBot.trainingData')\nlet testCommand: string\nexport let bot: Bot | null = null\n\nexport async function initialize () {\n  if (utils.isUrl(trainingFile)) {\n    const file = utils.extractFilename(trainingFile)\n    const data = await download(trainingFile)\n    await fs.writeFile('data/chatbot/' + file, data)\n  }\n\n  await fs.copyFile(\n    'data/static/botDefaultTrainingData.json',\n    'data/chatbot/botDefaultTrainingData.json'\n  )\n\n  trainingFile = utils.extractFilename(trainingFile)\n  const trainingSet = await fs.readFile(`data/chatbot/${trainingFile}`, 'utf8')\n  validateChatBot(JSON.parse(trainingSet))\n\n  testCommand = JSON.parse(trainingSet).data[0].utterances[0]\n  bot = new Bot(config.get('application.chatBot.name'), config.get('application.chatBot.greeting'), trainingSet, config.get('application.chatBot.defaultResponse'))\n  return bot.train()\n}\n\nvoid initialize()\n\nasync function processQuery (user: User, req: Request, res: Response, next: NextFunction) {\n  if (bot == null) {\n    res.status(503).send()\n    return\n  }\n  const username = user.username\n  if (!username) {\n    res.status(200).json({\n      action: 'namequery',\n      body: 'I\\'m sorry I didn\\'t get your name. What shall I call you?'\n    })\n    return\n  }\n\n  if (!bot.factory.run(`currentUser('${user.id}')`)) {\n    try {\n      bot.addUser(`${user.id}`, username)\n      res.status(200).json({\n        action: 'response',\n        body: bot.greet(`${user.id}`)\n      })\n    } catch (err) {\n      next(new Error('Blocked illegal activity by ' + req.socket.remoteAddress))\n    }\n    return\n  }\n\n  if (bot.factory.run(`currentUser('${user.id}')`) !== username) {\n    bot.addUser(`${user.id}`, username)\n    try {\n      bot.addUser(`${user.id}`, username)\n    } catch (err) {\n      next(new Error('Blocked illegal activity by ' + req.socket.remoteAddress))\n      return\n    }\n  }\n\n  if (!req.body.query) {\n    res.status(200).json({\n      action: 'response',\n      body: bot.greet(`${user.id}`)\n    })\n    return\n  }\n\n  try {\n    const response = await bot.respond(req.body.query, `${user.id}`)\n    if (response.action === 'function') {\n      // @ts-expect-error FIXME unclean usage of any type as index\n      if (response.handler && botUtils[response.handler]) {\n        // @ts-expect-error FIXME unclean usage of any type as index\n        res.status(200).json(await botUtils[response.handler](req.body.query, user))\n      } else {\n        res.status(200).json({\n          action: 'response',\n          body: config.get('application.chatBot.defaultResponse')\n        })\n      }\n    } else {\n      res.status(200).json(response)\n    }\n  } catch (err) {\n    try {\n      await bot.respond(testCommand, `${user.id}`)\n      res.status(200).json({\n        action: 'response',\n        body: config.get('application.chatBot.defaultResponse')\n      })\n    } catch (err) {\n      challengeUtils.solveIf(challenges.killChatbotChallenge, () => { return true })\n      res.status(200).json({\n        action: 'response',\n        body: `Remember to stay hydrated while I try to recover from \"${utils.getErrorMessage(err)}\"...`\n      })\n    }\n  }\n}\n\nasync function setUserName (user: User, req: Request, res: Response) {\n  if (bot == null) {\n    return\n  }\n  try {\n    const userModel = await UserModel.findByPk(user.id)\n    if (userModel == null) {\n      res.status(401).json({\n        status: 'error',\n        error: 'Unknown user'\n      })\n      return\n    }\n    const updatedUser = await userModel.update({ username: req.body.query })\n    const updatedUserResponse = utils.queryResultToJson(updatedUser)\n    const updatedToken = security.authorize(updatedUserResponse)\n    // @ts-expect-error FIXME some properties missing in updatedUserResponse\n    security.authenticatedUsers.put(updatedToken, updatedUserResponse)\n    bot.addUser(`${updatedUser.id}`, req.body.query)\n    res.status(200).json({\n      action: 'response',\n      body: bot.greet(`${updatedUser.id}`),\n      token: updatedToken\n    })\n  } catch (err) {\n    logger.error(`Could not set username: ${utils.getErrorMessage(err)}`)\n    res.status(500).send()\n  }\n}\n\nexport const status = function status () {\n  return async (req: Request, res: Response, next: NextFunction) => {\n    if (bot == null) {\n      res.status(200).json({\n        status: false,\n        body: `${config.get<string>('application.chatBot.name')} isn't ready at the moment, please wait while I set things up`\n      })\n      return\n    }\n    const token = req.cookies.token || utils.jwtFrom(req)\n    if (!token) {\n      res.status(200).json({\n        status: bot.training.state,\n        body: `Hi, I can't recognize you. Sign in to talk to ${config.get<string>('application.chatBot.name')}`\n      })\n      return\n    }\n\n    const user = await getUserFromJwt(token)\n    if (user == null) {\n      res.status(401).json({\n        error: 'Unauthenticated user'\n      })\n      return\n    }\n\n    const username = user.username\n\n    if (!username) {\n      res.status(200).json({\n        action: 'namequery',\n        body: 'I\\'m sorry I didn\\'t get your name. What shall I call you?'\n      })\n      return\n    }\n\n    try {\n      bot.addUser(`${user.id}`, username)\n      res.status(200).json({\n        status: bot.training.state,\n        body: bot.training.state ? bot.greet(`${user.id}`) : `${config.get<string>('application.chatBot.name')} isn't ready at the moment, please wait while I set things up`\n      })\n    } catch (err) {\n      next(new Error('Blocked illegal activity by ' + req.socket.remoteAddress))\n    }\n  }\n}\n\nmodule.exports.process = function respond () {\n  return async (req: Request, res: Response, next: NextFunction) => {\n    if (bot == null) {\n      res.status(200).json({\n        action: 'response',\n        body: `${config.get<string>('application.chatBot.name')} isn't ready at the moment, please wait while I set things up`\n      })\n    }\n    const token = req.cookies.token || utils.jwtFrom(req)\n    if (!token) {\n      res.status(400).json({\n        error: 'Unauthenticated user'\n      })\n      return\n    }\n\n    const user = await getUserFromJwt(token)\n    if (user == null) {\n      res.status(401).json({\n        error: 'Unauthenticated user'\n      })\n      return\n    }\n\n    if (req.body.action === 'query') {\n      await processQuery(user, req, res, next)\n    } else if (req.body.action === 'setname') {\n      await setUserName(user, req, res)\n    }\n  }\n}\n\nasync function getUserFromJwt (token: string): Promise<User | null> {\n  return await new Promise((resolve) => {\n    jwt.verify(token, security.publicKey, (err: VerifyErrors | null, decoded: JwtPayload | string | undefined) => {\n      if (err !== null || !decoded || isString(decoded)) {\n        resolve(null)\n      } else {\n        resolve(decoded.data)\n      }\n    })\n  })\n}\n",
    "lineCount": 249
  }
}