{
  "filePath": "routes/captcha.ts",
  "dif": 0,
  "oldVersion": {
    "total": 1,
    "bySeverity": {
      "WARNING": 1
    },
    "findings": [
      {
        "message": "Detected the use of eval(). eval() can be dangerous if used to evaluate dynamic content. If this content can be input from outside the program, this may be a code injection vulnerability. Ensure evaluated content is not definable by external sources.",
        "start": {
          "line": 23,
          "col": 20,
          "offset": 912
        },
        "end": {
          "line": 23,
          "col": 36,
          "offset": 928
        },
        "lines": "requires login",
        "metadata": {
          "confidence": "LOW",
          "likelihood": "LOW",
          "cwe": [
            "CWE-95: Improper Neutralization of Directives in Dynamically Evaluated Code ('Eval Injection')"
          ],
          "references": [
            "https://owasp.org/Top10/A03_2021-Injection"
          ]
        }
      }
    ],
    "code": "/*\n * Copyright (c) 2014-2024 Bjoern Kimminich & the OWASP Juice Shop contributors.\n * SPDX-License-Identifier: MIT\n */\n\nimport { type Request, type Response, type NextFunction } from 'express'\nimport { type Captcha } from '../data/types'\nimport { CaptchaModel } from '../models/captcha'\n\nfunction captchas () {\n  return async (req: Request, res: Response) => {\n    const captchaId = req.app.locals.captchaId++\n    const operators = ['*', '+', '-']\n\n    const firstTerm = Math.floor((Math.random() * 10) + 1)\n    const secondTerm = Math.floor((Math.random() * 10) + 1)\n    const thirdTerm = Math.floor((Math.random() * 10) + 1)\n\n    const firstOperator = operators[Math.floor((Math.random() * 3))]\n    const secondOperator = operators[Math.floor((Math.random() * 3))]\n\n    const expression = firstTerm.toString() + firstOperator + secondTerm.toString() + secondOperator + thirdTerm.toString()\n    const answer = eval(expression).toString() // eslint-disable-line no-eval\n\n    const captcha = {\n      captchaId,\n      captcha: expression,\n      answer\n    }\n    const captchaInstance = CaptchaModel.build(captcha)\n    await captchaInstance.save()\n    res.json(captcha)\n  }\n}\n\ncaptchas.verifyCaptcha = () => (req: Request, res: Response, next: NextFunction) => {\n  CaptchaModel.findOne({ where: { captchaId: req.body.captchaId } }).then((captcha: Captcha | null) => {\n    if ((captcha != null) && req.body.captcha === captcha.answer) {\n      next()\n    } else {\n      res.status(401).send(res.__('Wrong answer to CAPTCHA. Please try again.'))\n    }\n  }).catch((error: Error) => {\n    next(error)\n  })\n}\n\nmodule.exports = captchas\n",
    "lineCount": 49
  },
  "newVersion": {
    "total": 1,
    "bySeverity": {
      "WARNING": 1
    },
    "findings": [
      {
        "message": "Detected the use of eval(). eval() can be dangerous if used to evaluate dynamic content. If this content can be input from outside the program, this may be a code injection vulnerability. Ensure evaluated content is not definable by external sources.",
        "start": {
          "line": 23,
          "col": 46,
          "offset": 938
        },
        "end": {
          "line": 23,
          "col": 69,
          "offset": 961
        },
        "lines": "requires login",
        "metadata": {
          "confidence": "LOW",
          "likelihood": "LOW",
          "cwe": [
            "CWE-95: Improper Neutralization of Directives in Dynamically Evaluated Code ('Eval Injection')"
          ],
          "references": [
            "https://owasp.org/Top10/A03_2021-Injection"
          ]
        }
      }
    ],
    "code": "/*\n * Copyright (c) 2014-2024 Bjoern Kimminich & the OWASP Juice Shop contributors.\n * SPDX-License-Identifier: MIT\n */\n\nimport { type Request, type Response, type NextFunction } from 'express'\nimport { type Captcha } from '../data/types'\nimport { CaptchaModel } from '../models/captcha'\n\nfunction captchas () {\n  return async (req: Request, res: Response) => {\n    const captchaId = req.app.locals.captchaId++\n    const operators = ['*', '+', '-']\n\n    const firstTerm = Math.floor((Math.random() * 10) + 1)\n    const secondTerm = Math.floor((Math.random() * 10) + 1)\n    const thirdTerm = Math.floor((Math.random() * 10) + 1)\n\n    const firstOperator = operators[Math.floor((Math.random() * 3))]\n    const secondOperator = operators[Math.floor((Math.random() * 3))]\n\n    const expression = firstTerm.toString() + firstOperator + secondTerm.toString() + secondOperator + thirdTerm.toString()\n    const answer = JSON.parse(JSON.stringify(eval(`(${expression})`))).toString() // eslint-disable-line no-eval\n\n    const captcha = {\n      captchaId,\n      captcha: expression,\n      answer\n    }\n    const captchaInstance = CaptchaModel.build(captcha)\n    await captchaInstance.save()\n    res.json(captcha)\n  }\n}\n\ncaptchas.verifyCaptcha = () => (req: Request, res: Response, next: NextFunction) => {\n  CaptchaModel.findOne({ where: { captchaId: req.body.captchaId } }).then((captcha: Captcha | null) => {\n    if ((captcha != null) && req.body.captcha === captcha.answer) {\n      next()\n    } else {\n      res.status(401).send(res.__('Wrong answer to CAPTCHA. Please try again.'))\n    }\n  }).catch((error: Error) => {\n    next(error)\n  })\n}\n\nmodule.exports = captchas",
    "lineCount": 48
  }
}