{
  "filePath": "routes/fileUpload.ts",
  "dif": 0,
  "oldVersion": {
    "total": 3,
    "bySeverity": {
      "WARNING": 3
    },
    "findings": [
      {
        "message": "Detected possible user input going into a `path.join` or `path.resolve` function. This could possibly lead to a path traversal vulnerability,  where the attacker can access arbitrary files stored in the file system. Instead, be sure to sanitize or validate user input first.",
        "start": {
          "line": 29,
          "col": 47,
          "offset": 1011
        },
        "end": {
          "line": 29,
          "col": 55,
          "offset": 1019
        },
        "lines": "requires login",
        "metadata": {
          "confidence": "LOW",
          "likelihood": "HIGH",
          "cwe": [
            "CWE-22: Improper Limitation of a Pathname to a Restricted Directory ('Path Traversal')"
          ],
          "references": [
            "https://owasp.org/www-community/attacks/Path_Traversal"
          ]
        }
      },
      {
        "message": "Detected possible user input going into a `path.join` or `path.resolve` function. This could possibly lead to a path traversal vulnerability,  where the attacker can access arbitrary files stored in the file system. Instead, be sure to sanitize or validate user input first.",
        "start": {
          "line": 39,
          "col": 51,
          "offset": 1483
        },
        "end": {
          "line": 39,
          "col": 83,
          "offset": 1515
        },
        "lines": "requires login",
        "metadata": {
          "confidence": "LOW",
          "likelihood": "HIGH",
          "cwe": [
            "CWE-22: Improper Limitation of a Pathname to a Restricted Directory ('Path Traversal')"
          ],
          "references": [
            "https://owasp.org/www-community/attacks/Path_Traversal"
          ]
        }
      },
      {
        "message": "Detected use of parseXml() function with the `noent` field set to `true`. This can lead to an XML External Entities (XXE) attack if untrusted data is passed into it.",
        "start": {
          "line": 80,
          "col": 24,
          "offset": 3212
        },
        "end": {
          "line": 80,
          "col": 140,
          "offset": 3328
        },
        "lines": "requires login",
        "metadata": {
          "confidence": "LOW",
          "likelihood": "LOW",
          "cwe": [
            "CWE-611: Improper Restriction of XML External Entity Reference"
          ],
          "references": [
            "https://cheatsheetseries.owasp.org/cheatsheets/XML_External_Entity_Prevention_Cheat_Sheet.html"
          ]
        }
      }
    ],
    "code": "/*\n * Copyright (c) 2014-2024 Bjoern Kimminich & the OWASP Juice Shop contributors.\n * SPDX-License-Identifier: MIT\n */\n\nimport os from 'os'\nimport fs = require('fs')\nimport challengeUtils = require('../lib/challengeUtils')\nimport { type NextFunction, type Request, type Response } from 'express'\nimport path from 'path'\nimport * as utils from '../lib/utils'\nimport { challenges } from '../data/datacache'\n\nconst libxml = require('libxmljs')\nconst vm = require('vm')\nconst unzipper = require('unzipper')\n\nfunction ensureFileIsPassed ({ file }: Request, res: Response, next: NextFunction) {\n  if (file != null) {\n    next()\n  }\n}\n\nfunction handleZipFileUpload ({ file }: Request, res: Response, next: NextFunction) {\n  if (utils.endsWith(file?.originalname.toLowerCase(), '.zip')) {\n    if (((file?.buffer) != null) && utils.isChallengeEnabled(challenges.fileWriteChallenge)) {\n      const buffer = file.buffer\n      const filename = file.originalname.toLowerCase()\n      const tempFile = path.join(os.tmpdir(), filename)\n      fs.open(tempFile, 'w', function (err, fd) {\n        if (err != null) { next(err) }\n        fs.write(fd, buffer, 0, buffer.length, null, function (err) {\n          if (err != null) { next(err) }\n          fs.close(fd, function () {\n            fs.createReadStream(tempFile)\n              .pipe(unzipper.Parse())\n              .on('entry', function (entry: any) {\n                const fileName = entry.path\n                const absolutePath = path.resolve('uploads/complaints/' + fileName)\n                challengeUtils.solveIf(challenges.fileWriteChallenge, () => { return absolutePath === path.resolve('ftp/legal.md') })\n                if (absolutePath.includes(path.resolve('.'))) {\n                  entry.pipe(fs.createWriteStream('uploads/complaints/' + fileName).on('error', function (err) { next(err) }))\n                } else {\n                  entry.autodrain()\n                }\n              }).on('error', function (err: unknown) { next(err) })\n          })\n        })\n      })\n    }\n    res.status(204).end()\n  } else {\n    next()\n  }\n}\n\nfunction checkUploadSize ({ file }: Request, res: Response, next: NextFunction) {\n  if (file != null) {\n    challengeUtils.solveIf(challenges.uploadSizeChallenge, () => { return file?.size > 100000 })\n  }\n  next()\n}\n\nfunction checkFileType ({ file }: Request, res: Response, next: NextFunction) {\n  const fileType = file?.originalname.substr(file.originalname.lastIndexOf('.') + 1).toLowerCase()\n  challengeUtils.solveIf(challenges.uploadTypeChallenge, () => {\n    return !(fileType === 'pdf' || fileType === 'xml' || fileType === 'zip')\n  })\n  next()\n}\n\nfunction handleXmlUpload ({ file }: Request, res: Response, next: NextFunction) {\n  if (utils.endsWith(file?.originalname.toLowerCase(), '.xml')) {\n    challengeUtils.solveIf(challenges.deprecatedInterfaceChallenge, () => { return true })\n    if (((file?.buffer) != null) && utils.isChallengeEnabled(challenges.deprecatedInterfaceChallenge)) { // XXE attacks in Docker/Heroku containers regularly cause \"segfault\" crashes\n      const data = file.buffer.toString()\n      try {\n        const sandbox = { libxml, data }\n        vm.createContext(sandbox)\n        const xmlDoc = vm.runInContext('libxml.parseXml(data, { noblanks: true, noent: true, nocdata: true })', sandbox, { timeout: 2000 })\n        const xmlString = xmlDoc.toString(false)\n        challengeUtils.solveIf(challenges.xxeFileDisclosureChallenge, () => { return (utils.matchesEtcPasswdFile(xmlString) || utils.matchesSystemIniFile(xmlString)) })\n        res.status(410)\n        next(new Error('B2B customer complaints via file upload have been deprecated for security reasons: ' + utils.trunc(xmlString, 400) + ' (' + file.originalname + ')'))\n      } catch (err: any) { // TODO: Remove any\n        if (utils.contains(err.message, 'Script execution timed out')) {\n          if (challengeUtils.notSolved(challenges.xxeDosChallenge)) {\n            challengeUtils.solve(challenges.xxeDosChallenge)\n          }\n          res.status(503)\n          next(new Error('Sorry, we are temporarily not available! Please try again later.'))\n        } else {\n          res.status(410)\n          next(new Error('B2B customer complaints via file upload have been deprecated for security reasons: ' + err.message + ' (' + file.originalname + ')'))\n        }\n      }\n    } else {\n      res.status(410)\n      next(new Error('B2B customer complaints via file upload have been deprecated for security reasons (' + file?.originalname + ')'))\n    }\n  }\n  res.status(204).end()\n}\n\nmodule.exports = {\n  ensureFileIsPassed,\n  handleZipFileUpload,\n  checkUploadSize,\n  checkFileType,\n  handleXmlUpload\n}\n",
    "lineCount": 112
  },
  "newVersion": {
    "total": 3,
    "bySeverity": {
      "WARNING": 3
    },
    "findings": [
      {
        "message": "Detected possible user input going into a `path.join` or `path.resolve` function. This could possibly lead to a path traversal vulnerability,  where the attacker can access arbitrary files stored in the file system. Instead, be sure to sanitize or validate user input first.",
        "start": {
          "line": 29,
          "col": 47,
          "offset": 1011
        },
        "end": {
          "line": 29,
          "col": 55,
          "offset": 1019
        },
        "lines": "requires login",
        "metadata": {
          "confidence": "LOW",
          "likelihood": "HIGH",
          "cwe": [
            "CWE-22: Improper Limitation of a Pathname to a Restricted Directory ('Path Traversal')"
          ],
          "references": [
            "https://owasp.org/www-community/attacks/Path_Traversal"
          ]
        }
      },
      {
        "message": "Detected possible user input going into a `path.join` or `path.resolve` function. This could possibly lead to a path traversal vulnerability,  where the attacker can access arbitrary files stored in the file system. Instead, be sure to sanitize or validate user input first.",
        "start": {
          "line": 39,
          "col": 51,
          "offset": 1483
        },
        "end": {
          "line": 39,
          "col": 83,
          "offset": 1515
        },
        "lines": "requires login",
        "metadata": {
          "confidence": "LOW",
          "likelihood": "HIGH",
          "cwe": [
            "CWE-22: Improper Limitation of a Pathname to a Restricted Directory ('Path Traversal')"
          ],
          "references": [
            "https://owasp.org/www-community/attacks/Path_Traversal"
          ]
        }
      },
      {
        "message": "Detected use of parseXml() function with the `noent` field set to `true`. This can lead to an XML External Entities (XXE) attack if untrusted data is passed into it.",
        "start": {
          "line": 80,
          "col": 24,
          "offset": 3212
        },
        "end": {
          "line": 80,
          "col": 140,
          "offset": 3328
        },
        "lines": "requires login",
        "metadata": {
          "confidence": "LOW",
          "likelihood": "LOW",
          "cwe": [
            "CWE-611: Improper Restriction of XML External Entity Reference"
          ],
          "references": [
            "https://cheatsheetseries.owasp.org/cheatsheets/XML_External_Entity_Prevention_Cheat_Sheet.html"
          ]
        }
      }
    ],
    "code": "/*\n * Copyright (c) 2014-2024 Bjoern Kimminich & the OWASP Juice Shop contributors.\n * SPDX-License-Identifier: MIT\n */\n\nimport os from 'os'\nimport fs = require('fs')\nimport challengeUtils = require('../lib/challengeUtils')\nimport { type NextFunction, type Request, type Response } from 'express'\nimport path from 'path'\nimport * as utils from '../lib/utils'\nimport { challenges } from '../data/datacache'\n\nconst libxml = require('libxmljs')\nconst vm = require('vm')\nconst unzipper = require('unzipper')\n\nfunction ensureFileIsPassed ({ file }: Request, res: Response, next: NextFunction) {\n  if (file != null) {\n    next()\n  }\n}\n\nfunction handleZipFileUpload ({ file }: Request, res: Response, next: NextFunction) {\n  if (utils.endsWith(file?.originalname.toLowerCase(), '.zip')) {\n    if (((file?.buffer) != null) && utils.isChallengeEnabled(challenges.fileWriteChallenge)) {\n      const buffer = file.buffer\n      const filename = file.originalname.toLowerCase()\n      const tempFile = path.join(os.tmpdir(), filename)\n      fs.open(tempFile, 'w', function (err, fd) {\n        if (err != null) { next(err) }\n        fs.write(fd, buffer, 0, buffer.length, null, function (err) {\n          if (err != null) { next(err) }\n          fs.close(fd, function () {\n            fs.createReadStream(tempFile)\n              .pipe(unzipper.Parse())\n              .on('entry', function (entry: any) {\n                const fileName = entry.path\n                const absolutePath = path.resolve('uploads/complaints/' + fileName)\n                challengeUtils.solveIf(challenges.fileWriteChallenge, () => { return absolutePath === path.resolve('ftp/legal.md') })\n                if (absolutePath.includes(path.resolve('.'))) {\n                  entry.pipe(fs.createWriteStream('uploads/complaints/' + fileName).on('error', function (err) { next(err) }))\n                } else {\n                  entry.autodrain()\n                }\n              }).on('error', function (err: unknown) { next(err) })\n          })\n        })\n      })\n    }\n    res.status(204).end()\n  } else {\n    next()\n  }\n}\n\nfunction checkUploadSize ({ file }: Request, res: Response, next: NextFunction) {\n  if (file != null) {\n    challengeUtils.solveIf(challenges.uploadSizeChallenge, () => { return file?.size > 100000 })\n  }\n  next()\n}\n\nfunction checkFileType ({ file }: Request, res: Response, next: NextFunction) {\n  const fileType = file?.originalname.substr(file.originalname.lastIndexOf('.') + 1).toLowerCase()\n  challengeUtils.solveIf(challenges.uploadTypeChallenge, () => {\n    return !(fileType === 'pdf' || fileType === 'xml' || fileType === 'zip')\n  })\n  next()\n}\n\nfunction handleXmlUpload ({ file }: Request, res: Response, next: NextFunction) {\n  if (utils.endsWith(file?.originalname.toLowerCase(), '.xml')) {\n    challengeUtils.solveIf(challenges.deprecatedInterfaceChallenge, () => { return true })\n    if (((file?.buffer) != null) && utils.isChallengeEnabled(challenges.deprecatedInterfaceChallenge)) { // XXE attacks in Docker/Heroku containers regularly cause \"segfault\" crashes\n      const data = file.buffer.toString()\n      try {\n        const sandbox = { libxml, data }\n        vm.createContext(sandbox)\n        const xmlDoc = vm.runInContext('libxml.parseXml(data, { noblanks: true, noent: true, nocdata: true })', sandbox, { timeout: 2000 })\n        const xmlString = xmlDoc.toString(false)\n        challengeUtils.solveIf(challenges.xxeFileDisclosureChallenge, () => { return (utils.matchesEtcPasswdFile(xmlString) || utils.matchesSystemIniFile(xmlString)) })\n        res.status(410)\n        next(new Error('B2B customer complaints via file upload have been deprecated for security reasons: ' + utils.trunc(xmlString, 400) + ' (' + file.originalname + ')'))\n      } catch (err: any) { // TODO: Remove any\n        if (utils.contains(err.message, 'Script execution timed out')) {\n          if (challengeUtils.notSolved(challenges.xxeDosChallenge)) {\n            challengeUtils.solve(challenges.xxeDosChallenge)\n          }\n          res.status(503)\n          next(new Error('Sorry, we are temporarily not available! Please try again later.'))\n        } else {\n          res.status(410)\n          next(new Error('B2B customer complaints via file upload have been deprecated for security reasons: ' + err.message + ' (' + file.originalname + ')'))\n        }\n      }\n    } else {\n      res.status(410)\n      next(new Error('B2B customer complaints via file upload have been deprecated for security reasons (' + file?.originalname + ')'))\n    }\n  }\n  res.status(204).end()\n}\n\nmodule.exports = {\n  ensureFileIsPassed,\n  handleZipFileUpload,\n  checkUploadSize,\n  checkFileType,\n  handleXmlUpload\n}\n",
    "lineCount": 112
  }
}