{
  "filePath": "routes/login.ts",
  "dif": -1,
  "oldVersion": {
    "total": 2,
    "bySeverity": {
      "ERROR": 2
    },
    "findings": [
      {
        "message": "Detected a sequelize statement that is tainted by user-input. This could lead to SQL injection if the variable is user-controlled and is not properly sanitized. In order to prevent SQL injection, it is recommended to use parameterized queries or prepared statements.",
        "start": {
          "line": 36,
          "col": 28,
          "offset": 1514
        },
        "end": {
          "line": 36,
          "col": 169,
          "offset": 1655
        },
        "lines": "requires login",
        "metadata": {
          "confidence": "HIGH",
          "likelihood": "HIGH",
          "cwe": [
            "CWE-89: Improper Neutralization of Special Elements used in an SQL Command ('SQL Injection')"
          ],
          "references": [
            "https://sequelize.org/docs/v6/core-concepts/raw-queries/#replacements"
          ]
        }
      },
      {
        "message": "Detected user input used to manually construct a SQL string. This is usually bad practice because manual construction could accidentally result in a SQL injection. An attacker could use a SQL injection to steal or modify contents of the database. Instead, use a parameterized query which is available by default in most database engines. Alternatively, consider using an object-relational mapper (ORM) such as Sequelize which will protect your queries.",
        "start": {
          "line": 36,
          "col": 66,
          "offset": 1552
        },
        "end": {
          "line": 36,
          "col": 86,
          "offset": 1572
        },
        "lines": "requires login",
        "metadata": {
          "confidence": "MEDIUM",
          "likelihood": "HIGH",
          "cwe": [
            "CWE-89: Improper Neutralization of Special Elements used in an SQL Command ('SQL Injection')"
          ],
          "references": [
            "https://owasp.org/www-community/attacks/SQL_Injection"
          ]
        }
      }
    ],
    "code": "/*\n * Copyright (c) 2014-2024 Bjoern Kimminich & the OWASP Juice Shop contributors.\n * SPDX-License-Identifier: MIT\n */\n\nimport models = require('../models/index')\nimport { type Request, type Response, type NextFunction } from 'express'\nimport { type User } from '../data/types'\nimport { BasketModel } from '../models/basket'\nimport { UserModel } from '../models/user'\nimport challengeUtils = require('../lib/challengeUtils')\nimport config from 'config'\nimport { challenges } from '../data/datacache'\n\nimport * as utils from '../lib/utils'\nconst security = require('../lib/insecurity')\nconst users = require('../data/datacache').users\n\n// vuln-code-snippet start loginAdminChallenge loginBenderChallenge loginJimChallenge\nmodule.exports = function login () {\n  function afterLogin (user: { data: User, bid: number }, res: Response, next: NextFunction) {\n    verifyPostLoginChallenges(user) // vuln-code-snippet hide-line\n    BasketModel.findOrCreate({ where: { UserId: user.data.id } })\n      .then(([basket]: [BasketModel, boolean]) => {\n        const token = security.authorize(user)\n        user.bid = basket.id // keep track of original basket\n        security.authenticatedUsers.put(token, user)\n        res.json({ authentication: { token, bid: basket.id, umail: user.data.email } })\n      }).catch((error: Error) => {\n        next(error)\n      })\n  }\n\n  return (req: Request, res: Response, next: NextFunction) => {\n    verifyPreLoginChallenges(req) // vuln-code-snippet hide-line\n    models.sequelize.query(`SELECT * FROM Users WHERE email = '${req.body.email || ''}' AND password = '${security.hash(req.body.password || '')}' AND deletedAt IS NULL`, { model: UserModel, plain: true }) // vuln-code-snippet vuln-line loginAdminChallenge loginBenderChallenge loginJimChallenge\n      .then((authenticatedUser) => { // vuln-code-snippet neutral-line loginAdminChallenge loginBenderChallenge loginJimChallenge\n        const user = utils.queryResultToJson(authenticatedUser)\n        if (user.data?.id && user.data.totpSecret !== '') {\n          res.status(401).json({\n            status: 'totp_token_required',\n            data: {\n              tmpToken: security.authorize({\n                userId: user.data.id,\n                type: 'password_valid_needs_second_factor_token'\n              })\n            }\n          })\n        } else if (user.data?.id) {\n          // @ts-expect-error FIXME some properties missing in user - vuln-code-snippet hide-line\n          afterLogin(user, res, next)\n        } else {\n          res.status(401).send(res.__('Invalid email or password.'))\n        }\n      }).catch((error: Error) => {\n        next(error)\n      })\n  }\n  // vuln-code-snippet end loginAdminChallenge loginBenderChallenge loginJimChallenge\n\n  function verifyPreLoginChallenges (req: Request) {\n    challengeUtils.solveIf(challenges.weakPasswordChallenge, () => { return req.body.email === 'admin@' + config.get<string>('application.domain') && req.body.password === 'admin123' })\n    challengeUtils.solveIf(challenges.loginSupportChallenge, () => { return req.body.email === 'support@' + config.get<string>('application.domain') && req.body.password === 'J6aVjTgOpRs@?5l!Zkq2AYnCE@RF$P' })\n    challengeUtils.solveIf(challenges.loginRapperChallenge, () => { return req.body.email === 'mc.safesearch@' + config.get<string>('application.domain') && req.body.password === 'Mr. N00dles' })\n    challengeUtils.solveIf(challenges.loginAmyChallenge, () => { return req.body.email === 'amy@' + config.get<string>('application.domain') && req.body.password === 'K1f.....................' })\n    challengeUtils.solveIf(challenges.dlpPasswordSprayingChallenge, () => { return req.body.email === 'J12934@' + config.get<string>('application.domain') && req.body.password === '0Y8rMnww$*9VFYE§59-!Fg1L6t&6lB' })\n    challengeUtils.solveIf(challenges.oauthUserPasswordChallenge, () => { return req.body.email === 'bjoern.kimminich@gmail.com' && req.body.password === 'bW9jLmxpYW1nQGhjaW5pbW1pay5ucmVvamI=' })\n  }\n\n  function verifyPostLoginChallenges (user: { data: User }) {\n    challengeUtils.solveIf(challenges.loginAdminChallenge, () => { return user.data.id === users.admin.id })\n    challengeUtils.solveIf(challenges.loginJimChallenge, () => { return user.data.id === users.jim.id })\n    challengeUtils.solveIf(challenges.loginBenderChallenge, () => { return user.data.id === users.bender.id })\n    challengeUtils.solveIf(challenges.ghostLoginChallenge, () => { return user.data.id === users.chris.id })\n    if (challengeUtils.notSolved(challenges.ephemeralAccountantChallenge) && user.data.email === 'acc0unt4nt@' + config.get<string>('application.domain') && user.data.role === 'accounting') {\n      UserModel.count({ where: { email: 'acc0unt4nt@' + config.get<string>('application.domain') } }).then((count: number) => {\n        if (count === 0) {\n          challengeUtils.solve(challenges.ephemeralAccountantChallenge)\n        }\n      }).catch(() => {\n        throw new Error('Unable to verify challenges! Try again')\n      })\n    }\n  }\n}\n",
    "lineCount": 86
  },
  "newVersion": {
    "total": 1,
    "bySeverity": {
      "ERROR": 1
    },
    "findings": [
      {
        "message": "Detected a sequelize statement that is tainted by user-input. This could lead to SQL injection if the variable is user-controlled and is not properly sanitized. In order to prevent SQL injection, it is recommended to use parameterized queries or prepared statements.",
        "start": {
          "line": 36,
          "col": 28,
          "offset": 1514
        },
        "end": {
          "line": 44,
          "col": 6,
          "offset": 1792
        },
        "lines": "requires login",
        "metadata": {
          "confidence": "HIGH",
          "likelihood": "HIGH",
          "cwe": [
            "CWE-89: Improper Neutralization of Special Elements used in an SQL Command ('SQL Injection')"
          ],
          "references": [
            "https://sequelize.org/docs/v6/core-concepts/raw-queries/#replacements"
          ]
        }
      }
    ],
    "code": "/*\n * Copyright (c) 2014-2024 Bjoern Kimminich & the OWASP Juice Shop contributors.\n * SPDX-License-Identifier: MIT\n */\n\nimport models = require('../models/index')\nimport { type Request, type Response, type NextFunction } from 'express'\nimport { type User } from '../data/types'\nimport { BasketModel } from '../models/basket'\nimport { UserModel } from '../models/user'\nimport challengeUtils = require('../lib/challengeUtils')\nimport config from 'config'\nimport { challenges } from '../data/datacache'\n\nimport * as utils from '../lib/utils'\nconst security = require('../lib/insecurity')\nconst users = require('../data/datacache').users\n\n// vuln-code-snippet start loginAdminChallenge loginBenderChallenge loginJimChallenge\nmodule.exports = function login () {\n  function afterLogin (user: { data: User, bid: number }, res: Response, next: NextFunction) {\n    verifyPostLoginChallenges(user) // vuln-code-snippet hide-line\n    BasketModel.findOrCreate({ where: { UserId: user.data.id } })\n      .then(([basket]: [BasketModel, boolean]) => {\n        const token = security.authorize(user)\n        user.bid = basket.id // keep track of original basket\n        security.authenticatedUsers.put(token, user)\n        res.json({ authentication: { token, bid: basket.id, umail: user.data.email } })\n      }).catch((error: Error) => {\n        next(error)\n      })\n  }\n\n  return (req: Request, res: Response, next: NextFunction) => {\n    verifyPreLoginChallenges(req) // vuln-code-snippet hide-line\n    models.sequelize.query({\n      replacements: {\n        email: req.body.email || '',\n        password: security.hash(req.body.password || '')\n      },\n      query: `SELECT * FROM Users WHERE email = :email AND password = :password AND deletedAt IS NULL`,\n      model: UserModel,\n      plain: true\n    }) // vuln-code-snippet vuln-line loginAdminChallenge loginBenderChallenge loginJimChallenge\n      .then((authenticatedUser) => { // vuln-code-snippet neutral-line loginAdminChallenge loginBenderChallenge loginJimChallenge\n        const user = utils.queryResultToJson(authenticatedUser)\n        if (user.data?.id && user.data.totpSecret !== '') {\n          res.status(401).json({\n            status: 'totp_token_required',\n            data: {\n              tmpToken: security.authorize({\n                userId: user.data.id,\n                type: 'password_valid_needs_second_factor_token'\n              })\n            }\n          })\n        } else if (user.data?.id) {\n          // @ts-expect-error FIXME some properties missing in user - vuln-code-snippet hide-line\n          afterLogin(user, res, next)\n        } else {\n          res.status(401).send(res.__('Invalid email or password.'))\n        }\n      }).catch((error: Error) => {\n        next(error)\n      })\n  }\n  // vuln-code-snippet end loginAdminChallenge loginBenderChallenge loginJimChallenge\n\n  function verifyPreLoginChallenges (req: Request) {\n    challengeUtils.solveIf(challenges.weakPasswordChallenge, () => { return req.body.email === 'admin@' + config.get<string>('application.domain') && req.body.password === 'admin123' })\n    challengeUtils.solveIf(challenges.loginSupportChallenge, () => { return req.body.email === 'support@' + config.get<string>('application.domain') && req.body.password === 'J6aVjTgOpRs@?5l!Zkq2AYnCE@RF$P' })\n    challengeUtils.solveIf(challenges.loginRapperChallenge, () => { return req.body.email === 'mc.safesearch@' + config.get<string>('application.domain') && req.body.password === 'Mr. N00dles' })\n    challengeUtils.solveIf(challenges.loginAmyChallenge, () => { return req.body.email === 'amy@' + config.get<string>('application.domain') && req.body.password === 'K1f.....................' })\n    challengeUtils.solveIf(challenges.dlpPasswordSprayingChallenge, () => { return req.body.email === 'J12934@' + config.get<string>('application.domain') && req.body.password === '0Y8rMnww$*9VFYE§59-!Fg1L6t&6lB' })\n    challengeUtils.solveIf(challenges.oauthUserPasswordChallenge, () => { return req.body.email === 'bjoern.kimminich@gmail.com' && req.body.password === 'bW9jLmxpYW1nQGhjaW5pbW1pay5ucmVvamI=' })\n  }\n\n  function verifyPostLoginChallenges (user: { data: User }) {\n    challengeUtils.solveIf(challenges.loginAdminChallenge, () => { return user.data.id === users.admin.id })\n    challengeUtils.solveIf(challenges.loginJimChallenge, () => { return user.data.id === users.jim.id })\n    challengeUtils.solveIf(challenges.loginBenderChallenge, () => { return user.data.id === users.bender.id })\n    challengeUtils.solveIf(challenges.ghostLoginChallenge, () => { return user.data.id === users.chris.id })\n    if (challengeUtils.notSolved(challenges.ephemeralAccountantChallenge) && user.data.email === 'acc0unt4nt@' + config.get<string>('application.domain') && user.data.role === 'accounting') {\n      UserModel.count({ where: { email: 'acc0unt4nt@' + config.get<string>('application.domain') } }).then((count: number) => {\n        if (count === 0) {\n          challengeUtils.solve(challenges.ephemeralAccountantChallenge)\n        }\n      }).catch(() => {\n        throw new Error('Unable to verify challenges! Try again')\n      })\n    }\n  }\n}",
    "lineCount": 93
  }
}