{
  "filePath": "routes/videoHandler.ts",
  "dif": 0,
  "oldVersion": {
    "total": 2,
    "bySeverity": {
      "WARNING": 2
    },
    "findings": [
      {
        "message": "Cannot determine what 'subs' is and it is used with a '<script>' tag. This could be susceptible to cross-site scripting (XSS). Ensure 'subs' is not externally controlled, or sanitize this data.",
        "start": {
          "line": 57,
          "col": 90,
          "offset": 1897
        },
        "end": {
          "line": 57,
          "col": 94,
          "offset": 1901
        },
        "lines": "requires login",
        "metadata": {
          "confidence": "LOW",
          "likelihood": "LOW",
          "cwe": [
            "CWE-79: Improper Neutralization of Input During Web Page Generation ('Cross-site Scripting')"
          ],
          "references": [
            "https://www.developsec.com/2017/11/09/xss-in-a-script-tag/",
            "https://github.com/juice-shop/juice-shop/blob/1ceb8751e986dacd3214a618c37e7411be6bc11a/routes/videoHandler.ts#L68"
          ]
        }
      },
      {
        "message": "Cannot determine what 'subs' is and it is used with a '<script>' tag. This could be susceptible to cross-site scripting (XSS). Ensure 'subs' is not externally controlled, or sanitize this data.",
        "start": {
          "line": 69,
          "col": 165,
          "offset": 2743
        },
        "end": {
          "line": 69,
          "col": 169,
          "offset": 2747
        },
        "lines": "requires login",
        "metadata": {
          "confidence": "LOW",
          "likelihood": "LOW",
          "cwe": [
            "CWE-79: Improper Neutralization of Input During Web Page Generation ('Cross-site Scripting')"
          ],
          "references": [
            "https://www.developsec.com/2017/11/09/xss-in-a-script-tag/",
            "https://github.com/juice-shop/juice-shop/blob/1ceb8751e986dacd3214a618c37e7411be6bc11a/routes/videoHandler.ts#L68"
          ]
        }
      }
    ],
    "code": "/*\n * Copyright (c) 2014-2024 Bjoern Kimminich & the OWASP Juice Shop contributors.\n * SPDX-License-Identifier: MIT\n */\n\nimport fs = require('fs')\nimport { type Request, type Response } from 'express'\nimport challengeUtils = require('../lib/challengeUtils')\nimport config from 'config'\nimport * as utils from '../lib/utils'\nimport { AllHtmlEntities as Entities } from 'html-entities'\nimport { challenges } from '../data/datacache'\n\nconst pug = require('pug')\nconst themes = require('../views/themes/themes').themes\nconst entities = new Entities()\n\nexports.getVideo = () => {\n  return (req: Request, res: Response) => {\n    const path = videoPath()\n    const stat = fs.statSync(path)\n    const fileSize = stat.size\n    const range = req.headers.range\n    if (range) {\n      const parts = range.replace(/bytes=/, '').split('-')\n      const start = parseInt(parts[0], 10)\n      const end = parts[1] ? parseInt(parts[1], 10) : fileSize - 1\n      const chunksize = (end - start) + 1\n      const file = fs.createReadStream(path, { start, end })\n      const head = {\n        'Content-Range': `bytes ${start}-${end}/${fileSize}`,\n        'Accept-Ranges': 'bytes',\n        'Content-Length': chunksize,\n        'Content-Location': '/assets/public/videos/owasp_promo.mp4',\n        'Content-Type': 'video/mp4'\n      }\n      res.writeHead(206, head)\n      file.pipe(res)\n    } else {\n      const head = {\n        'Content-Length': fileSize,\n        'Content-Type': 'video/mp4'\n      }\n      res.writeHead(200, head)\n      fs.createReadStream(path).pipe(res)\n    }\n  }\n}\n\nexports.promotionVideo = () => {\n  return (req: Request, res: Response) => {\n    fs.readFile('views/promotionVideo.pug', function (err, buf) {\n      if (err != null) throw err\n      let template = buf.toString()\n      const subs = getSubsFromFile()\n\n      challengeUtils.solveIf(challenges.videoXssChallenge, () => { return utils.contains(subs, '</script><script>alert(`xss`)</script>') })\n\n      const theme = themes[config.get<string>('application.theme')]\n      template = template.replace(/_title_/g, entities.encode(config.get<string>('application.name')))\n      template = template.replace(/_favicon_/g, favicon())\n      template = template.replace(/_bgColor_/g, theme.bgColor)\n      template = template.replace(/_textColor_/g, theme.textColor)\n      template = template.replace(/_navColor_/g, theme.navColor)\n      template = template.replace(/_primLight_/g, theme.primLight)\n      template = template.replace(/_primDark_/g, theme.primDark)\n      const fn = pug.compile(template)\n      let compiledTemplate = fn()\n      compiledTemplate = compiledTemplate.replace('<script id=\"subtitle\"></script>', '<script id=\"subtitle\" type=\"text/vtt\" data-label=\"English\" data-lang=\"en\">' + subs + '</script>')\n      res.send(compiledTemplate)\n    })\n  }\n  function favicon () {\n    return utils.extractFilename(config.get('application.favicon'))\n  }\n}\n\nfunction getSubsFromFile () {\n  const subtitles = config.get<string>('application.promotion.subtitles') ?? 'owasp_promo.vtt'\n  const data = fs.readFileSync('frontend/dist/frontend/assets/public/videos/' + subtitles, 'utf8')\n  return data.toString()\n}\n\nfunction videoPath () {\n  if (config.get<string>('application.promotion.video') !== null) {\n    const video = utils.extractFilename(config.get<string>('application.promotion.video'))\n    return 'frontend/dist/frontend/assets/public/videos/' + video\n  }\n  return 'frontend/dist/frontend/assets/public/videos/owasp_promo.mp4'\n}\n",
    "lineCount": 91
  },
  "newVersion": {
    "total": 2,
    "bySeverity": {
      "WARNING": 2
    },
    "findings": [
      {
        "message": "Cannot determine what 'subs' is and it is used with a '<script>' tag. This could be susceptible to cross-site scripting (XSS). Ensure 'subs' is not externally controlled, or sanitize this data.",
        "start": {
          "line": 57,
          "col": 90,
          "offset": 1967
        },
        "end": {
          "line": 57,
          "col": 94,
          "offset": 1971
        },
        "lines": "requires login",
        "metadata": {
          "confidence": "LOW",
          "likelihood": "LOW",
          "cwe": [
            "CWE-79: Improper Neutralization of Input During Web Page Generation ('Cross-site Scripting')"
          ],
          "references": [
            "https://www.developsec.com/2017/11/09/xss-in-a-script-tag/",
            "https://github.com/juice-shop/juice-shop/blob/1ceb8751e986dacd3214a618c37e7411be6bc11a/routes/videoHandler.ts#L68"
          ]
        }
      },
      {
        "message": "Cannot determine what 'subs' is and it is used with a '<script>' tag. This could be susceptible to cross-site scripting (XSS). Ensure 'subs' is not externally controlled, or sanitize this data.",
        "start": {
          "line": 69,
          "col": 165,
          "offset": 2813
        },
        "end": {
          "line": 69,
          "col": 169,
          "offset": 2817
        },
        "lines": "requires login",
        "metadata": {
          "confidence": "LOW",
          "likelihood": "LOW",
          "cwe": [
            "CWE-79: Improper Neutralization of Input During Web Page Generation ('Cross-site Scripting')"
          ],
          "references": [
            "https://www.developsec.com/2017/11/09/xss-in-a-script-tag/",
            "https://github.com/juice-shop/juice-shop/blob/1ceb8751e986dacd3214a618c37e7411be6bc11a/routes/videoHandler.ts#L68"
          ]
        }
      }
    ],
    "code": "/*\n * Copyright (c) 2014-2024 Bjoern Kimminich & the OWASP Juice Shop contributors.\n * SPDX-License-Identifier: MIT\n */\n\nimport fs = require('fs')\nimport { type Request, type Response } from 'express'\nimport challengeUtils = require('../lib/challengeUtils')\nimport config from 'config'\nimport * as utils from '../lib/utils'\nimport { AllHtmlEntities as Entities } from 'html-entities'\nimport { challenges } from '../data/datacache'\n\nconst pug = require('pug')\nconst themes = require('../views/themes/themes').themes\nconst entities = new Entities()\n\nexports.getVideo = () => {\n  return (req: Request, res: Response) => {\n    const path = videoPath()\n    const stat = fs.statSync(path)\n    const fileSize = stat.size\n    const range = req.headers.range\n    if (range) {\n      const parts = range.replace(/bytes=/, '').split('-')\n      const start = parseInt(parts[0], 10)\n      const end = parts[1] ? parseInt(parts[1], 10) : fileSize - 1\n      const chunksize = (end - start) + 1\n      const file = fs.createReadStream(path, { start, end })\n      const head = {\n        'Content-Range': `bytes ${start}-${end}/${fileSize}`,\n        'Accept-Ranges': 'bytes',\n        'Content-Length': chunksize,\n        'Content-Location': '/assets/public/videos/owasp_promo.mp4',\n        'Content-Type': 'video/mp4'\n      }\n      res.writeHead(206, head)\n      file.pipe(res)\n    } else {\n      const head = {\n        'Content-Length': fileSize,\n        'Content-Type': 'video/mp4'\n      }\n      res.writeHead(200, head)\n      fs.createReadStream(path).pipe(res)\n    }\n  }\n}\n\nexports.promotionVideo = () => {\n  return (req: Request, res: Response) => {\n    fs.readFile('views/promotionVideo.pug', function (err, buf) {\n      if (err != null) throw err\n      let template = buf.toString()\n      const subs = getSubsFromFile().replace(/</g, '&lt;').replace(/>/g, '&gt;') // Sanitize the subs data\n\n      challengeUtils.solveIf(challenges.videoXssChallenge, () => { return utils.contains(subs, '</script><script>alert(`xss`)</script>') })\n\n      const theme = themes[config.get<string>('application.theme')]\n      template = template.replace(/_title_/g, entities.encode(config.get<string>('application.name')))\n      template = template.replace(/_favicon_/g, favicon())\n      template = template.replace(/_bgColor_/g, theme.bgColor)\n      template = template.replace(/_textColor_/g, theme.textColor)\n      template = template.replace(/_navColor_/g, theme.navColor)\n      template = template.replace(/_primLight_/g, theme.primLight)\n      template = template.replace(/_primDark_/g, theme.primDark)\n      const fn = pug.compile(template)\n      let compiledTemplate = fn()\n      compiledTemplate = compiledTemplate.replace('<script id=\"subtitle\"></script>', '<script id=\"subtitle\" type=\"text/vtt\" data-label=\"English\" data-lang=\"en\">' + subs + '</script>')\n      res.send(compiledTemplate)\n    })\n  }\n  function favicon () {\n    return utils.extractFilename(config.get('application.favicon'))\n  }\n}\n\nfunction getSubsFromFile () {\n  const subtitles = config.get<string>('application.promotion.subtitles') ?? 'owasp_promo.vtt'\n  const data = fs.readFileSync('frontend/dist/frontend/assets/public/videos/' + subtitles, 'utf8')\n  return data.toString()\n}\n\nfunction videoPath () {\n  if (config.get<string>('application.promotion.video') !== null) {\n    const video = utils.extractFilename(config.get<string>('application.promotion.video'))\n    return 'frontend/dist/frontend/assets/public/videos/' + video\n  }\n  return 'frontend/dist/frontend/assets/public/videos/owasp_promo.mp4'\n}",
    "lineCount": 90
  }
}