{
  "filePath": "routes/fileServer.ts",
  "dif": 0,
  "oldVersion": {
    "total": 2,
    "bySeverity": {
      "WARNING": 2
    },
    "findings": [
      {
        "message": "The application processes user-input, this is passed to res.sendFile which can allow an attacker to arbitrarily read files on the system through path traversal. It is recommended to perform input validation in addition to canonicalizing the path. This allows you to validate the path against the intended directory it should be accessing.",
        "start": {
          "line": 33,
          "col": 20,
          "offset": 1154
        },
        "end": {
          "line": 33,
          "col": 46,
          "offset": 1180
        },
        "lines": "requires login",
        "metadata": {
          "confidence": "MEDIUM",
          "likelihood": "HIGH",
          "cwe": [
            "CWE-73: External Control of File Name or Path"
          ],
          "references": [
            "https://cheatsheetseries.owasp.org/cheatsheets/Input_Validation_Cheat_Sheet.html"
          ]
        }
      },
      {
        "message": "Detected possible user input going into a `path.join` or `path.resolve` function. This could possibly lead to a path traversal vulnerability,  where the attacker can access arbitrary files stored in the file system. Instead, be sure to sanitize or validate user input first.",
        "start": {
          "line": 33,
          "col": 41,
          "offset": 1175
        },
        "end": {
          "line": 33,
          "col": 45,
          "offset": 1179
        },
        "lines": "requires login",
        "metadata": {
          "confidence": "LOW",
          "likelihood": "HIGH",
          "cwe": [
            "CWE-22: Improper Limitation of a Pathname to a Restricted Directory ('Path Traversal')"
          ],
          "references": [
            "https://owasp.org/www-community/attacks/Path_Traversal"
          ]
        }
      }
    ],
    "code": "/*\n * Copyright (c) 2014-2024 Bjoern Kimminich & the OWASP Juice Shop contributors.\n * SPDX-License-Identifier: MIT\n */\n\nimport path = require('path')\nimport { type Request, type Response, type NextFunction } from 'express'\nimport { challenges } from '../data/datacache'\nimport challengeUtils = require('../lib/challengeUtils')\n\nimport * as utils from '../lib/utils'\nconst security = require('../lib/insecurity')\n\nmodule.exports = function servePublicFiles () {\n  return ({ params, query }: Request, res: Response, next: NextFunction) => {\n    const file = params.file\n\n    if (!file.includes('/')) {\n      verify(file, res, next)\n    } else {\n      res.status(403)\n      next(new Error('File names cannot contain forward slashes!'))\n    }\n  }\n\n  function verify (file: string, res: Response, next: NextFunction) {\n    if (file && (endsWithAllowlistedFileType(file) || (file === 'incident-support.kdbx'))) {\n      file = security.cutOffPoisonNullByte(file)\n\n      challengeUtils.solveIf(challenges.directoryListingChallenge, () => { return file.toLowerCase() === 'acquisitions.md' })\n      verifySuccessfulPoisonNullByteExploit(file)\n\n      res.sendFile(path.resolve('ftp/', file))\n    } else {\n      res.status(403)\n      next(new Error('Only .md and .pdf files are allowed!'))\n    }\n  }\n\n  function verifySuccessfulPoisonNullByteExploit (file: string) {\n    challengeUtils.solveIf(challenges.easterEggLevelOneChallenge, () => { return file.toLowerCase() === 'eastere.gg' })\n    challengeUtils.solveIf(challenges.forgottenDevBackupChallenge, () => { return file.toLowerCase() === 'package.json.bak' })\n    challengeUtils.solveIf(challenges.forgottenBackupChallenge, () => { return file.toLowerCase() === 'coupons_2013.md.bak' })\n    challengeUtils.solveIf(challenges.misplacedSignatureFileChallenge, () => { return file.toLowerCase() === 'suspicious_errors.yml' })\n\n    challengeUtils.solveIf(challenges.nullByteChallenge, () => {\n      return challenges.easterEggLevelOneChallenge.solved || challenges.forgottenDevBackupChallenge.solved || challenges.forgottenBackupChallenge.solved ||\n        challenges.misplacedSignatureFileChallenge.solved || file.toLowerCase() === 'encrypt.pyc'\n    })\n  }\n\n  function endsWithAllowlistedFileType (param: string) {\n    return utils.endsWith(param, '.md') || utils.endsWith(param, '.pdf')\n  }\n}\n",
    "lineCount": 56
  },
  "newVersion": {
    "total": 2,
    "bySeverity": {
      "WARNING": 2
    },
    "findings": [
      {
        "message": "The application processes user-input, this is passed to res.sendFile which can allow an attacker to arbitrarily read files on the system through path traversal. It is recommended to perform input validation in addition to canonicalizing the path. This allows you to validate the path against the intended directory it should be accessing.",
        "start": {
          "line": 33,
          "col": 20,
          "offset": 1154
        },
        "end": {
          "line": 33,
          "col": 45,
          "offset": 1179
        },
        "lines": "requires login",
        "metadata": {
          "confidence": "MEDIUM",
          "likelihood": "HIGH",
          "cwe": [
            "CWE-73: External Control of File Name or Path"
          ],
          "references": [
            "https://cheatsheetseries.owasp.org/cheatsheets/Input_Validation_Cheat_Sheet.html"
          ]
        }
      },
      {
        "message": "Detected possible user input going into a `path.join` or `path.resolve` function. This could possibly lead to a path traversal vulnerability,  where the attacker can access arbitrary files stored in the file system. Instead, be sure to sanitize or validate user input first.",
        "start": {
          "line": 33,
          "col": 40,
          "offset": 1174
        },
        "end": {
          "line": 33,
          "col": 44,
          "offset": 1178
        },
        "lines": "requires login",
        "metadata": {
          "confidence": "LOW",
          "likelihood": "HIGH",
          "cwe": [
            "CWE-22: Improper Limitation of a Pathname to a Restricted Directory ('Path Traversal')"
          ],
          "references": [
            "https://owasp.org/www-community/attacks/Path_Traversal"
          ]
        }
      }
    ],
    "code": "/*\n * Copyright (c) 2014-2024 Bjoern Kimminich & the OWASP Juice Shop contributors.\n * SPDX-License-Identifier: MIT\n */\n\nimport path = require('path')\nimport { type Request, type Response, type NextFunction } from 'express'\nimport { challenges } from '../data/datacache'\nimport challengeUtils = require('../lib/challengeUtils')\n\nimport * as utils from '../lib/utils'\nconst security = require('../lib/insecurity')\n\nmodule.exports = function servePublicFiles () {\n  return ({ params, query }: Request, res: Response, next: NextFunction) => {\n    const file = params.file\n\n    if (!file.includes('/')) {\n      verify(file, res, next)\n    } else {\n      res.status(403)\n      next(new Error('File names cannot contain forward slashes!'))\n    }\n  }\n\n  function verify (file: string, res: Response, next: NextFunction) {\n    if (file && (endsWithAllowlistedFileType(file) || (file === 'incident-support.kdbx'))) {\n      file = security.cutOffPoisonNullByte(file)\n\n      challengeUtils.solveIf(challenges.directoryListingChallenge, () => { return file.toLowerCase() === 'acquisitions.md' })\n      verifySuccessfulPoisonNullByteExploit(file)\n\n      res.sendFile(path.resolve('ftp', file))\n    } else {\n      res.status(403)\n      next(new Error('Only .md and .pdf files are allowed!'))\n    }\n  }\n\n  function verifySuccessfulPoisonNullByteExploit (file: string) {\n    challengeUtils.solveIf(challenges.easterEggLevelOneChallenge, () => { return file.toLowerCase() === 'eastere.gg' })\n    challengeUtils.solveIf(challenges.forgottenDevBackupChallenge, () => { return file.toLowerCase() === 'package.json.bak' })\n    challengeUtils.solveIf(challenges.forgottenBackupChallenge, () => { return file.toLowerCase() === 'coupons_2013.md.bak' })\n    challengeUtils.solveIf(challenges.misplacedSignatureFileChallenge, () => { return file.toLowerCase() === 'suspicious_errors.yml' })\n\n    challengeUtils.solveIf(challenges.nullByteChallenge, () => {\n      return challenges.easterEggLevelOneChallenge.solved || challenges.forgottenDevBackupChallenge.solved || challenges.forgottenBackupChallenge.solved ||\n        challenges.misplacedSignatureFileChallenge.solved || file.toLowerCase() === 'encrypt.pyc'\n    })\n  }\n\n  function endsWithAllowlistedFileType (param: string) {\n    return utils.endsWith(param, '.md') || utils.endsWith(param, '.pdf')\n  }\n}",
    "lineCount": 55
  }
}