{
  "filePath": "routes/userProfile.ts",
  "dif": 0,
  "oldVersion": {
    "total": 2,
    "bySeverity": {
      "WARNING": 2
    },
    "findings": [
      {
        "message": "Detected the use of eval(). eval() can be dangerous if used to evaluate dynamic content. If this content can be input from outside the program, this may be a code injection vulnerability. Ensure evaluated content is not definable by external sources.",
        "start": {
          "line": 36,
          "col": 26,
          "offset": 1501
        },
        "end": {
          "line": 36,
          "col": 36,
          "offset": 1511
        },
        "lines": "requires login",
        "metadata": {
          "confidence": "LOW",
          "likelihood": "LOW",
          "cwe": [
            "CWE-95: Improper Neutralization of Directives in Dynamically Evaluated Code ('Eval Injection')"
          ],
          "references": [
            "https://owasp.org/Top10/A03_2021-Injection"
          ]
        }
      },
      {
        "message": "User data from `req` is being compiled into the template, which can lead to a Server Side Template Injection (SSTI) vulnerability.",
        "start": {
          "line": 56,
          "col": 22,
          "offset": 2595
        },
        "end": {
          "line": 56,
          "col": 43,
          "offset": 2616
        },
        "lines": "requires login",
        "metadata": {
          "confidence": "MEDIUM",
          "likelihood": "MEDIUM",
          "cwe": [
            "CWE-1336: Improper Neutralization of Special Elements Used in a Template Engine"
          ],
          "references": [
            "https://cheatsheetseries.owasp.org/cheatsheets/Injection_Prevention_Cheat_Sheet.html"
          ]
        }
      }
    ],
    "code": "/*\n * Copyright (c) 2014-2024 Bjoern Kimminich & the OWASP Juice Shop contributors.\n * SPDX-License-Identifier: MIT\n */\n\nimport fs = require('fs')\nimport { type Request, type Response, type NextFunction } from 'express'\nimport { challenges } from '../data/datacache'\n\nimport { UserModel } from '../models/user'\nimport challengeUtils = require('../lib/challengeUtils')\nimport config from 'config'\nimport * as utils from '../lib/utils'\nimport { AllHtmlEntities as Entities } from 'html-entities'\nconst security = require('../lib/insecurity')\nconst pug = require('pug')\nconst themes = require('../views/themes/themes').themes\nconst entities = new Entities()\n\nmodule.exports = function getUserProfile () {\n  return (req: Request, res: Response, next: NextFunction) => {\n    fs.readFile('views/userProfile.pug', function (err, buf) {\n      if (err != null) throw err\n      const loggedInUser = security.authenticatedUsers.get(req.cookies.token)\n      if (loggedInUser) {\n        UserModel.findByPk(loggedInUser.data.id).then((user: UserModel | null) => {\n          let template = buf.toString()\n          let username = user?.username\n          if (username?.match(/#{(.*)}/) !== null && utils.isChallengeEnabled(challenges.usernameXssChallenge)) {\n            req.app.locals.abused_ssti_bug = true\n            const code = username?.substring(2, username.length - 1)\n            try {\n              if (!code) {\n                throw new Error('Username is null')\n              }\n              username = eval(code) // eslint-disable-line no-eval\n            } catch (err) {\n              username = '\\\\' + username\n            }\n          } else {\n            username = '\\\\' + username\n          }\n          const theme = themes[config.get<string>('application.theme')]\n          if (username) {\n            template = template.replace(/_username_/g, username)\n          }\n          template = template.replace(/_emailHash_/g, security.hash(user?.email))\n          template = template.replace(/_title_/g, entities.encode(config.get<string>('application.name')))\n          template = template.replace(/_favicon_/g, favicon())\n          template = template.replace(/_bgColor_/g, theme.bgColor)\n          template = template.replace(/_textColor_/g, theme.textColor)\n          template = template.replace(/_navColor_/g, theme.navColor)\n          template = template.replace(/_primLight_/g, theme.primLight)\n          template = template.replace(/_primDark_/g, theme.primDark)\n          template = template.replace(/_logo_/g, utils.extractFilename(config.get('application.logo')))\n          const fn = pug.compile(template)\n          const CSP = `img-src 'self' ${user?.profileImage}; script-src 'self' 'unsafe-eval' https://code.getmdl.io http://ajax.googleapis.com`\n          // @ts-expect-error FIXME type issue with string vs. undefined for username\n          challengeUtils.solveIf(challenges.usernameXssChallenge, () => { return user?.profileImage.match(/;[ ]*script-src(.)*'unsafe-inline'/g) !== null && utils.contains(username, '<script>alert(`xss`)</script>') })\n\n          res.set({\n            'Content-Security-Policy': CSP\n          })\n\n          res.send(fn(user))\n        }).catch((error: Error) => {\n          next(error)\n        })\n      } else {\n        next(new Error('Blocked illegal activity by ' + req.socket.remoteAddress))\n      }\n    })\n  }\n\n  function favicon () {\n    return utils.extractFilename(config.get('application.favicon'))\n  }\n}\n",
    "lineCount": 79
  },
  "newVersion": {
    "total": 2,
    "bySeverity": {
      "WARNING": 2
    },
    "findings": [
      {
        "message": "Detected the use of eval(). eval() can be dangerous if used to evaluate dynamic content. If this content can be input from outside the program, this may be a code injection vulnerability. Ensure evaluated content is not definable by external sources.",
        "start": {
          "line": 36,
          "col": 26,
          "offset": 1501
        },
        "end": {
          "line": 36,
          "col": 36,
          "offset": 1511
        },
        "lines": "requires login",
        "metadata": {
          "confidence": "LOW",
          "likelihood": "LOW",
          "cwe": [
            "CWE-95: Improper Neutralization of Directives in Dynamically Evaluated Code ('Eval Injection')"
          ],
          "references": [
            "https://owasp.org/Top10/A03_2021-Injection"
          ]
        }
      },
      {
        "message": "User data from `req` is being compiled into the template, which can lead to a Server Side Template Injection (SSTI) vulnerability.",
        "start": {
          "line": 56,
          "col": 22,
          "offset": 2595
        },
        "end": {
          "line": 56,
          "col": 43,
          "offset": 2616
        },
        "lines": "requires login",
        "metadata": {
          "confidence": "MEDIUM",
          "likelihood": "MEDIUM",
          "cwe": [
            "CWE-1336: Improper Neutralization of Special Elements Used in a Template Engine"
          ],
          "references": [
            "https://cheatsheetseries.owasp.org/cheatsheets/Injection_Prevention_Cheat_Sheet.html"
          ]
        }
      }
    ],
    "code": "/*\n * Copyright (c) 2014-2024 Bjoern Kimminich & the OWASP Juice Shop contributors.\n * SPDX-License-Identifier: MIT\n */\n\nimport fs = require('fs')\nimport { type Request, type Response, type NextFunction } from 'express'\nimport { challenges } from '../data/datacache'\n\nimport { UserModel } from '../models/user'\nimport challengeUtils = require('../lib/challengeUtils')\nimport config from 'config'\nimport * as utils from '../lib/utils'\nimport { AllHtmlEntities as Entities } from 'html-entities'\nconst security = require('../lib/insecurity')\nconst pug = require('pug')\nconst themes = require('../views/themes/themes').themes\nconst entities = new Entities()\n\nmodule.exports = function getUserProfile () {\n  return (req: Request, res: Response, next: NextFunction) => {\n    fs.readFile('views/userProfile.pug', function (err, buf) {\n      if (err != null) throw err\n      const loggedInUser = security.authenticatedUsers.get(req.cookies.token)\n      if (loggedInUser) {\n        UserModel.findByPk(loggedInUser.data.id).then((user: UserModel | null) => {\n          let template = buf.toString()\n          let username = user?.username\n          if (username?.match(/#{(.*)}/) !== null && utils.isChallengeEnabled(challenges.usernameXssChallenge)) {\n            req.app.locals.abused_ssti_bug = true\n            const code = username?.substring(2, username.length - 1)\n            try {\n              if (!code) {\n                throw new Error('Username is null')\n              }\n              username = eval(code) // eslint-disable-line no-eval\n            } catch (err) {\n              username = '\\\\' + username\n            }\n          } else {\n            username = '\\\\' + username\n          }\n          const theme = themes[config.get<string>('application.theme')]\n          if (username) {\n            template = template.replace(/_username_/g, username)\n          }\n          template = template.replace(/_emailHash_/g, security.hash(user?.email))\n          template = template.replace(/_title_/g, entities.encode(config.get<string>('application.name')))\n          template = template.replace(/_favicon_/g, favicon())\n          template = template.replace(/_bgColor_/g, theme.bgColor)\n          template = template.replace(/_textColor_/g, theme.textColor)\n          template = template.replace(/_navColor_/g, theme.navColor)\n          template = template.replace(/_primLight_/g, theme.primLight)\n          template = template.replace(/_primDark_/g, theme.primDark)\n          template = template.replace(/_logo_/g, utils.extractFilename(config.get('application.logo')))\n          const fn = pug.compile(template)\n          const CSP = `img-src 'self' ${user?.profileImage}; script-src 'self' 'unsafe-eval' https://code.getmdl.io http://ajax.googleapis.com`\n          // @ts-expect-error FIXME type issue with string vs. undefined for username\n          challengeUtils.solveIf(challenges.usernameXssChallenge, () => { return user?.profileImage.match(/;[ ]*script-src(.)*'unsafe-inline'/g) !== null && utils.contains(username, '<script>alert(`xss`)</script>') })\n\n          res.set({\n            'Content-Security-Policy': CSP\n          })\n\n          res.send(fn(user))\n        }).catch((error: Error) => {\n          next(error)\n        })\n      } else {\n        next(new Error('Blocked illegal activity by ' + req.socket.remoteAddress))\n      }\n    })\n  }\n\n  function favicon () {\n    return utils.extractFilename(config.get('application.favicon'))\n  }\n}\n",
    "lineCount": 79
  }
}