{
  "filePath": "routes/order.ts",
  "dif": 0,
  "oldVersion": {
    "total": 1,
    "bySeverity": {
      "WARNING": 1
    },
    "findings": [
      {
        "message": "Detected possible user input going into a `path.join` or `path.resolve` function. This could possibly lead to a path traversal vulnerability,  where the attacker can access arbitrary files stored in the file system. Instead, be sure to sanitize or validate user input first.",
        "start": {
          "line": 45,
          "col": 78,
          "offset": 1762
        },
        "end": {
          "line": 45,
          "col": 85,
          "offset": 1769
        },
        "lines": "requires login",
        "metadata": {
          "confidence": "LOW",
          "likelihood": "HIGH",
          "cwe": [
            "CWE-22: Improper Limitation of a Pathname to a Restricted Directory ('Path Traversal')"
          ],
          "references": [
            "https://owasp.org/www-community/attacks/Path_Traversal"
          ]
        }
      }
    ],
    "code": "/*\n * Copyright (c) 2014-2024 Bjoern Kimminich & the OWASP Juice Shop contributors.\n * SPDX-License-Identifier: MIT\n */\n\nimport path = require('path')\nimport { type Request, type Response, type NextFunction } from 'express'\nimport { BasketModel } from '../models/basket'\nimport { ProductModel } from '../models/product'\nimport { BasketItemModel } from '../models/basketitem'\nimport { QuantityModel } from '../models/quantity'\nimport { DeliveryModel } from '../models/delivery'\nimport { WalletModel } from '../models/wallet'\nimport challengeUtils = require('../lib/challengeUtils')\nimport config from 'config'\nimport * as utils from '../lib/utils'\nimport * as db from '../data/mongodb'\nimport { challenges, products } from '../data/datacache'\n\nconst fs = require('fs')\nconst PDFDocument = require('pdfkit')\nconst security = require('../lib/insecurity')\n\ninterface Product {\n  quantity: number\n  id?: number\n  name: string\n  price: number\n  total: number\n  bonus: number\n}\n\nmodule.exports = function placeOrder () {\n  return (req: Request, res: Response, next: NextFunction) => {\n    const id = req.params.id\n    BasketModel.findOne({ where: { id }, include: [{ model: ProductModel, paranoid: false, as: 'Products' }] })\n      .then(async (basket: BasketModel | null) => {\n        if (basket != null) {\n          const customer = security.authenticatedUsers.from(req)\n          const email = customer ? customer.data ? customer.data.email : '' : ''\n          const orderId = security.hash(email).slice(0, 4) + '-' + utils.randomHexString(16)\n          const pdfFile = `order_${orderId}.pdf`\n          const doc = new PDFDocument()\n          const date = new Date().toJSON().slice(0, 10)\n          const fileWriter = doc.pipe(fs.createWriteStream(path.join('ftp/', pdfFile)))\n\n          fileWriter.on('finish', async () => {\n            void basket.update({ coupon: null })\n            await BasketItemModel.destroy({ where: { BasketId: id } })\n            res.json({ orderConfirmation: orderId })\n          })\n\n          doc.font('Times-Roman', 40).text(config.get<string>('application.name'), { align: 'center' })\n          doc.moveTo(70, 115).lineTo(540, 115).stroke()\n          doc.moveTo(70, 120).lineTo(540, 120).stroke()\n          doc.fontSize(20).moveDown()\n          doc.font('Times-Roman', 20).text(req.__('Order Confirmation'), { align: 'center' })\n          doc.fontSize(20).moveDown()\n          doc.font('Times-Roman', 15).text(`${req.__('Customer')}: ${email}`, { align: 'left' })\n          doc.font('Times-Roman', 15).text(`${req.__('Order')} #: ${orderId}`, { align: 'left' })\n          doc.moveDown()\n          doc.font('Times-Roman', 15).text(`${req.__('Date')}: ${date}`, { align: 'left' })\n          doc.moveDown()\n          doc.moveDown()\n          let totalPrice = 0\n          const basketProducts: Product[] = []\n          let totalPoints = 0\n          basket.Products?.forEach(({ BasketItem, price, deluxePrice, name, id }) => {\n            if (BasketItem != null) {\n              challengeUtils.solveIf(challenges.christmasSpecialChallenge, () => { return BasketItem.ProductId === products.christmasSpecial.id })\n              QuantityModel.findOne({ where: { ProductId: BasketItem.ProductId } }).then((product: any) => {\n                const newQuantity = product.quantity - BasketItem.quantity\n                QuantityModel.update({ quantity: newQuantity }, { where: { ProductId: BasketItem?.ProductId } }).catch((error: unknown) => {\n                  next(error)\n                })\n              }).catch((error: unknown) => {\n                next(error)\n              })\n              let itemPrice: number\n              if (security.isDeluxe(req)) {\n                itemPrice = deluxePrice\n              } else {\n                itemPrice = price\n              }\n              const itemTotal = itemPrice * BasketItem.quantity\n              const itemBonus = Math.round(itemPrice / 10) * BasketItem.quantity\n              const product = {\n                quantity: BasketItem.quantity,\n                id,\n                name: req.__(name),\n                price: itemPrice,\n                total: itemTotal,\n                bonus: itemBonus\n              }\n              basketProducts.push(product)\n              doc.text(`${BasketItem.quantity}x ${req.__(name)} ${req.__('ea.')} ${itemPrice} = ${itemTotal}¤`)\n              doc.moveDown()\n              totalPrice += itemTotal\n              totalPoints += itemBonus\n            }\n          })\n          doc.moveDown()\n          const discount = calculateApplicableDiscount(basket, req)\n          let discountAmount = '0'\n          if (discount > 0) {\n            discountAmount = (totalPrice * (discount / 100)).toFixed(2)\n            doc.text(discount + '% discount from coupon: -' + discountAmount + '¤')\n            doc.moveDown()\n            totalPrice -= parseFloat(discountAmount)\n          }\n          const deliveryMethod = {\n            deluxePrice: 0,\n            price: 0,\n            eta: 5\n          }\n          if (req.body.orderDetails?.deliveryMethodId) {\n            const deliveryMethodFromModel = await DeliveryModel.findOne({ where: { id: req.body.orderDetails.deliveryMethodId } })\n            if (deliveryMethodFromModel != null) {\n              deliveryMethod.deluxePrice = deliveryMethodFromModel.deluxePrice\n              deliveryMethod.price = deliveryMethodFromModel.price\n              deliveryMethod.eta = deliveryMethodFromModel.eta\n            }\n          }\n          const deliveryAmount = security.isDeluxe(req) ? deliveryMethod.deluxePrice : deliveryMethod.price\n          totalPrice += deliveryAmount\n          doc.text(`${req.__('Delivery Price')}: ${deliveryAmount.toFixed(2)}¤`)\n          doc.moveDown()\n          doc.font('Helvetica-Bold', 20).text(`${req.__('Total Price')}: ${totalPrice.toFixed(2)}¤`)\n          doc.moveDown()\n          doc.font('Helvetica-Bold', 15).text(`${req.__('Bonus Points Earned')}: ${totalPoints}`)\n          doc.font('Times-Roman', 15).text(`(${req.__('The bonus points from this order will be added 1:1 to your wallet ¤-fund for future purchases!')}`)\n          doc.moveDown()\n          doc.moveDown()\n          doc.font('Times-Roman', 15).text(req.__('Thank you for your order!'))\n\n          challengeUtils.solveIf(challenges.negativeOrderChallenge, () => { return totalPrice < 0 })\n\n          if (req.body.UserId) {\n            if (req.body.orderDetails && req.body.orderDetails.paymentId === 'wallet') {\n              const wallet = await WalletModel.findOne({ where: { UserId: req.body.UserId } })\n              if ((wallet != null) && wallet.balance >= totalPrice) {\n                WalletModel.decrement({ balance: totalPrice }, { where: { UserId: req.body.UserId } }).catch((error: unknown) => {\n                  next(error)\n                })\n              } else {\n                next(new Error('Insufficient wallet balance.'))\n              }\n            }\n            WalletModel.increment({ balance: totalPoints }, { where: { UserId: req.body.UserId } }).catch((error: unknown) => {\n              next(error)\n            })\n          }\n\n          db.ordersCollection.insert({\n            promotionalAmount: discountAmount,\n            paymentId: req.body.orderDetails ? req.body.orderDetails.paymentId : null,\n            addressId: req.body.orderDetails ? req.body.orderDetails.addressId : null,\n            orderId,\n            delivered: false,\n            email: (email ? email.replace(/[aeiou]/gi, '*') : undefined),\n            totalPrice,\n            products: basketProducts,\n            bonus: totalPoints,\n            deliveryPrice: deliveryAmount,\n            eta: deliveryMethod.eta.toString()\n          }).then(() => {\n            doc.end()\n          })\n        } else {\n          next(new Error(`Basket with id=${id} does not exist.`))\n        }\n      }).catch((error: unknown) => {\n        next(error)\n      })\n  }\n}\n\nfunction calculateApplicableDiscount (basket: BasketModel, req: Request) {\n  if (security.discountFromCoupon(basket.coupon)) {\n    const discount = security.discountFromCoupon(basket.coupon)\n    challengeUtils.solveIf(challenges.forgedCouponChallenge, () => { return discount >= 80 })\n    return discount\n  } else if (req.body.couponData) {\n    const couponData = Buffer.from(req.body.couponData, 'base64').toString().split('-')\n    const couponCode = couponData[0]\n    const couponDate = Number(couponData[1])\n    const campaign = campaigns[couponCode as keyof typeof campaigns]\n\n    if (campaign && couponDate == campaign.validOn) { // eslint-disable-line eqeqeq\n      challengeUtils.solveIf(challenges.manipulateClockChallenge, () => { return campaign.validOn < new Date().getTime() })\n      return campaign.discount\n    }\n  }\n  return 0\n}\n\nconst campaigns = {\n  WMNSDY2019: { validOn: new Date('Mar 08, 2019 00:00:00 GMT+0100').getTime(), discount: 75 },\n  WMNSDY2020: { validOn: new Date('Mar 08, 2020 00:00:00 GMT+0100').getTime(), discount: 60 },\n  WMNSDY2021: { validOn: new Date('Mar 08, 2021 00:00:00 GMT+0100').getTime(), discount: 60 },\n  WMNSDY2022: { validOn: new Date('Mar 08, 2022 00:00:00 GMT+0100').getTime(), discount: 60 },\n  WMNSDY2023: { validOn: new Date('Mar 08, 2023 00:00:00 GMT+0100').getTime(), discount: 60 },\n  ORANGE2020: { validOn: new Date('May 04, 2020 00:00:00 GMT+0100').getTime(), discount: 50 },\n  ORANGE2021: { validOn: new Date('May 04, 2021 00:00:00 GMT+0100').getTime(), discount: 40 },\n  ORANGE2022: { validOn: new Date('May 04, 2022 00:00:00 GMT+0100').getTime(), discount: 40 },\n  ORANGE2023: { validOn: new Date('May 04, 2023 00:00:00 GMT+0100').getTime(), discount: 40 }\n}\n",
    "lineCount": 208
  },
  "newVersion": {
    "total": 1,
    "bySeverity": {
      "WARNING": 1
    },
    "findings": [
      {
        "message": "Detected possible user input going into a `path.join` or `path.resolve` function. This could possibly lead to a path traversal vulnerability,  where the attacker can access arbitrary files stored in the file system. Instead, be sure to sanitize or validate user input first.",
        "start": {
          "line": 45,
          "col": 78,
          "offset": 1762
        },
        "end": {
          "line": 45,
          "col": 85,
          "offset": 1769
        },
        "lines": "requires login",
        "metadata": {
          "confidence": "LOW",
          "likelihood": "HIGH",
          "cwe": [
            "CWE-22: Improper Limitation of a Pathname to a Restricted Directory ('Path Traversal')"
          ],
          "references": [
            "https://owasp.org/www-community/attacks/Path_Traversal"
          ]
        }
      }
    ],
    "code": "/*\n * Copyright (c) 2014-2024 Bjoern Kimminich & the OWASP Juice Shop contributors.\n * SPDX-License-Identifier: MIT\n */\n\nimport path = require('path')\nimport { type Request, type Response, type NextFunction } from 'express'\nimport { BasketModel } from '../models/basket'\nimport { ProductModel } from '../models/product'\nimport { BasketItemModel } from '../models/basketitem'\nimport { QuantityModel } from '../models/quantity'\nimport { DeliveryModel } from '../models/delivery'\nimport { WalletModel } from '../models/wallet'\nimport challengeUtils = require('../lib/challengeUtils')\nimport config from 'config'\nimport * as utils from '../lib/utils'\nimport * as db from '../data/mongodb'\nimport { challenges, products } from '../data/datacache'\n\nconst fs = require('fs')\nconst PDFDocument = require('pdfkit')\nconst security = require('../lib/insecurity')\n\ninterface Product {\n  quantity: number\n  id?: number\n  name: string\n  price: number\n  total: number\n  bonus: number\n}\n\nmodule.exports = function placeOrder () {\n  return (req: Request, res: Response, next: NextFunction) => {\n    const id = req.params.id\n    BasketModel.findOne({ where: { id }, include: [{ model: ProductModel, paranoid: false, as: 'Products' }] })\n      .then(async (basket: BasketModel | null) => {\n        if (basket != null) {\n          const customer = security.authenticatedUsers.from(req)\n          const email = customer ? customer.data ? customer.data.email : '' : ''\n          const orderId = security.hash(email).slice(0, 4) + '-' + utils.randomHexString(16)\n          const pdfFile = `order_${orderId}.pdf`\n          const doc = new PDFDocument()\n          const date = new Date().toJSON().slice(0, 10)\n          const fileWriter = doc.pipe(fs.createWriteStream(path.join('ftp/', pdfFile)))\n\n          fileWriter.on('finish', async () => {\n            void basket.update({ coupon: null })\n            await BasketItemModel.destroy({ where: { BasketId: id } })\n            res.json({ orderConfirmation: orderId })\n          })\n\n          doc.font('Times-Roman', 40).text(config.get<string>('application.name'), { align: 'center' })\n          doc.moveTo(70, 115).lineTo(540, 115).stroke()\n          doc.moveTo(70, 120).lineTo(540, 120).stroke()\n          doc.fontSize(20).moveDown()\n          doc.font('Times-Roman', 20).text(req.__('Order Confirmation'), { align: 'center' })\n          doc.fontSize(20).moveDown()\n          doc.font('Times-Roman', 15).text(`${req.__('Customer')}: ${email}`, { align: 'left' })\n          doc.font('Times-Roman', 15).text(`${req.__('Order')} #: ${orderId}`, { align: 'left' })\n          doc.moveDown()\n          doc.font('Times-Roman', 15).text(`${req.__('Date')}: ${date}`, { align: 'left' })\n          doc.moveDown()\n          doc.moveDown()\n          let totalPrice = 0\n          const basketProducts: Product[] = []\n          let totalPoints = 0\n          basket.Products?.forEach(({ BasketItem, price, deluxePrice, name, id }) => {\n            if (BasketItem != null) {\n              challengeUtils.solveIf(challenges.christmasSpecialChallenge, () => { return BasketItem.ProductId === products.christmasSpecial.id })\n              QuantityModel.findOne({ where: { ProductId: BasketItem.ProductId } }).then((product: any) => {\n                const newQuantity = product.quantity - BasketItem.quantity\n                QuantityModel.update({ quantity: newQuantity }, { where: { ProductId: BasketItem?.ProductId } }).catch((error: unknown) => {\n                  next(error)\n                })\n              }).catch((error: unknown) => {\n                next(error)\n              })\n              let itemPrice: number\n              if (security.isDeluxe(req)) {\n                itemPrice = deluxePrice\n              } else {\n                itemPrice = price\n              }\n              const itemTotal = itemPrice * BasketItem.quantity\n              const itemBonus = Math.round(itemPrice / 10) * BasketItem.quantity\n              const product = {\n                quantity: BasketItem.quantity,\n                id,\n                name: req.__(name),\n                price: itemPrice,\n                total: itemTotal,\n                bonus: itemBonus\n              }\n              basketProducts.push(product)\n              doc.text(`${BasketItem.quantity}x ${req.__(name)} ${req.__('ea.')} ${itemPrice} = ${itemTotal}¤`)\n              doc.moveDown()\n              totalPrice += itemTotal\n              totalPoints += itemBonus\n            }\n          })\n          doc.moveDown()\n          const discount = calculateApplicableDiscount(basket, req)\n          let discountAmount = '0'\n          if (discount > 0) {\n            discountAmount = (totalPrice * (discount / 100)).toFixed(2)\n            doc.text(discount + '% discount from coupon: -' + discountAmount + '¤')\n            doc.moveDown()\n            totalPrice -= parseFloat(discountAmount)\n          }\n          const deliveryMethod = {\n            deluxePrice: 0,\n            price: 0,\n            eta: 5\n          }\n          if (req.body.orderDetails?.deliveryMethodId) {\n            const deliveryMethodFromModel = await DeliveryModel.findOne({ where: { id: req.body.orderDetails.deliveryMethodId } })\n            if (deliveryMethodFromModel != null) {\n              deliveryMethod.deluxePrice = deliveryMethodFromModel.deluxePrice\n              deliveryMethod.price = deliveryMethodFromModel.price\n              deliveryMethod.eta = deliveryMethodFromModel.eta\n            }\n          }\n          const deliveryAmount = security.isDeluxe(req) ? deliveryMethod.deluxePrice : deliveryMethod.price\n          totalPrice += deliveryAmount\n          doc.text(`${req.__('Delivery Price')}: ${deliveryAmount.toFixed(2)}¤`)\n          doc.moveDown()\n          doc.font('Helvetica-Bold', 20).text(`${req.__('Total Price')}: ${totalPrice.toFixed(2)}¤`)\n          doc.moveDown()\n          doc.font('Helvetica-Bold', 15).text(`${req.__('Bonus Points Earned')}: ${totalPoints}`)\n          doc.font('Times-Roman', 15).text(`(${req.__('The bonus points from this order will be added 1:1 to your wallet ¤-fund for future purchases!')}`)\n          doc.moveDown()\n          doc.moveDown()\n          doc.font('Times-Roman', 15).text(req.__('Thank you for your order!'))\n\n          challengeUtils.solveIf(challenges.negativeOrderChallenge, () => { return totalPrice < 0 })\n\n          if (req.body.UserId) {\n            if (req.body.orderDetails && req.body.orderDetails.paymentId === 'wallet') {\n              const wallet = await WalletModel.findOne({ where: { UserId: req.body.UserId } })\n              if ((wallet != null) && wallet.balance >= totalPrice) {\n                WalletModel.decrement({ balance: totalPrice }, { where: { UserId: req.body.UserId } }).catch((error: unknown) => {\n                  next(error)\n                })\n              } else {\n                next(new Error('Insufficient wallet balance.'))\n              }\n            }\n            WalletModel.increment({ balance: totalPoints }, { where: { UserId: req.body.UserId } }).catch((error: unknown) => {\n              next(error)\n            })\n          }\n\n          db.ordersCollection.insert({\n            promotionalAmount: discountAmount,\n            paymentId: req.body.orderDetails ? req.body.orderDetails.paymentId : null,\n            addressId: req.body.orderDetails ? req.body.orderDetails.addressId : null,\n            orderId,\n            delivered: false,\n            email: (email ? email.replace(/[aeiou]/gi, '*') : undefined),\n            totalPrice,\n            products: basketProducts,\n            bonus: totalPoints,\n            deliveryPrice: deliveryAmount,\n            eta: deliveryMethod.eta.toString()\n          }).then(() => {\n            doc.end()\n          })\n        } else {\n          next(new Error(`Basket with id=${id} does not exist.`))\n        }\n      }).catch((error: unknown) => {\n        next(error)\n      })\n  }\n}\n\nfunction calculateApplicableDiscount (basket: BasketModel, req: Request) {\n  if (security.discountFromCoupon(basket.coupon)) {\n    const discount = security.discountFromCoupon(basket.coupon)\n    challengeUtils.solveIf(challenges.forgedCouponChallenge, () => { return discount >= 80 })\n    return discount\n  } else if (req.body.couponData) {\n    const couponData = Buffer.from(req.body.couponData, 'base64').toString().split('-')\n    const couponCode = couponData[0]\n    const couponDate = Number(couponData[1])\n    const campaign = campaigns[couponCode as keyof typeof campaigns]\n\n    if (campaign && couponDate == campaign.validOn) { // eslint-disable-line eqeqeq\n      challengeUtils.solveIf(challenges.manipulateClockChallenge, () => { return campaign.validOn < new Date().getTime() })\n      return campaign.discount\n    }\n  }\n  return 0\n}\n\nconst campaigns = {\n  WMNSDY2019: { validOn: new Date('Mar 08, 2019 00:00:00 GMT+0100').getTime(), discount: 75 },\n  WMNSDY2020: { validOn: new Date('Mar 08, 2020 00:00:00 GMT+0100').getTime(), discount: 60 },\n  WMNSDY2021: { validOn: new Date('Mar 08, 2021 00:00:00 GMT+0100').getTime(), discount: 60 },\n  WMNSDY2022: { validOn: new Date('Mar 08, 2022 00:00:00 GMT+0100').getTime(), discount: 60 },\n  WMNSDY2023: { validOn: new Date('Mar 08, 2023 00:00:00 GMT+0100').getTime(), discount: 60 },\n  ORANGE2020: { validOn: new Date('May 04, 2020 00:00:00 GMT+0100').getTime(), discount: 50 },\n  ORANGE2021: { validOn: new Date('May 04, 2021 00:00:00 GMT+0100').getTime(), discount: 40 },\n  ORANGE2022: { validOn: new Date('May 04, 2022 00:00:00 GMT+0100').getTime(), discount: 40 },\n  ORANGE2023: { validOn: new Date('May 04, 2023 00:00:00 GMT+0100').getTime(), discount: 40 }\n}\n",
    "lineCount": 208
  }
}