{
  "filePath": "routes/profileImageUrlUpload.ts",
  "dif": -1,
  "oldVersion": {
    "total": 1,
    "bySeverity": {
      "WARNING": 1
    },
    "findings": [
      {
        "message": "The following request request.get() was found to be crafted from user-input `req` which can lead to Server-Side Request Forgery (SSRF) vulnerabilities. It is recommended where possible to not allow user-input to craft the base request, but to be treated as part of the path or query parameter. When user-input is necessary to craft the request, it is recommeneded to follow OWASP best practices to prevent abuse. ",
        "start": {
          "line": 23,
          "col": 16,
          "offset": 881
        },
        "end": {
          "line": 23,
          "col": 19,
          "offset": 884
        },
        "lines": "requires login",
        "metadata": {
          "confidence": "MEDIUM",
          "likelihood": "MEDIUM",
          "cwe": [
            "CWE-918: Server-Side Request Forgery (SSRF)"
          ],
          "references": [
            "https://cheatsheetseries.owasp.org/cheatsheets/Server_Side_Request_Forgery_Prevention_Cheat_Sheet.html"
          ]
        }
      }
    ],
    "code": "/*\n * Copyright (c) 2014-2024 Bjoern Kimminich & the OWASP Juice Shop contributors.\n * SPDX-License-Identifier: MIT\n */\n\nimport fs = require('fs')\nimport { type Request, type Response, type NextFunction } from 'express'\nimport logger from '../lib/logger'\n\nimport { UserModel } from '../models/user'\nimport * as utils from '../lib/utils'\nconst security = require('../lib/insecurity')\nconst request = require('request')\n\nmodule.exports = function profileImageUrlUpload () {\n  return (req: Request, res: Response, next: NextFunction) => {\n    if (req.body.imageUrl !== undefined) {\n      const url = req.body.imageUrl\n      if (url.match(/(.)*solve\\/challenges\\/server-side(.)*/) !== null) req.app.locals.abused_ssrf_bug = true\n      const loggedInUser = security.authenticatedUsers.get(req.cookies.token)\n      if (loggedInUser) {\n        const imageRequest = request\n          .get(url)\n          .on('error', function (err: unknown) {\n            UserModel.findByPk(loggedInUser.data.id).then(async (user: UserModel | null) => { return await user?.update({ profileImage: url }) }).catch((error: Error) => { next(error) })\n            logger.warn(`Error retrieving user profile image: ${utils.getErrorMessage(err)}; using image link directly`)\n          })\n          .on('response', function (res: Response) {\n            if (res.statusCode === 200) {\n              const ext = ['jpg', 'jpeg', 'png', 'svg', 'gif'].includes(url.split('.').slice(-1)[0].toLowerCase()) ? url.split('.').slice(-1)[0].toLowerCase() : 'jpg'\n              imageRequest.pipe(fs.createWriteStream(`frontend/dist/frontend/assets/public/images/uploads/${loggedInUser.data.id}.${ext}`))\n              UserModel.findByPk(loggedInUser.data.id).then(async (user: UserModel | null) => { return await user?.update({ profileImage: `/assets/public/images/uploads/${loggedInUser.data.id}.${ext}` }) }).catch((error: Error) => { next(error) })\n            } else UserModel.findByPk(loggedInUser.data.id).then(async (user: UserModel | null) => { return await user?.update({ profileImage: url }) }).catch((error: Error) => { next(error) })\n          })\n      } else {\n        next(new Error('Blocked illegal activity by ' + req.socket.remoteAddress))\n      }\n    }\n    res.location(process.env.BASE_PATH + '/profile')\n    res.redirect(process.env.BASE_PATH + '/profile')\n  }\n}\n",
    "lineCount": 43
  },
  "newVersion": {
    "total": 0,
    "bySeverity": {},
    "code": "/*\n * Copyright (c) 2014-2024 Bjoern Kimminich & the OWASP Juice Shop contributors.\n * SPDX-License-Identifier: MIT\n */\n\nimport fs = require('fs')\nimport { type Request, type Response, type NextFunction } from 'express'\nimport logger from '../lib/logger'\n\nimport { UserModel } from '../models/user'\nimport * as utils from '../lib/utils'\nconst security = require('../lib/insecurity')\nconst request = require('request-promise-native')\n\nmodule.exports = function profileImageUrlUpload () {\n  return (req: Request, res: Response, next: NextFunction) => {\n    if (req.body.imageUrl !== undefined) {\n      const url = req.body.imageUrl\n      if (url.match(/(.)*solve\\/challenges\\/server-side(.)*/) !== null) req.app.locals.abused_ssrf_bug = true\n      const loggedInUser = security.authenticatedUsers.get(req.cookies.token)\n      if (loggedInUser) {\n        const imageRequest = request.get({ url, resolveWithFullResponse: true })\n          .then((res: Response) => {\n            if (res.statusCode === 200) {\n              const ext = ['jpg', 'jpeg', 'png', 'svg', 'gif'].includes(url.split('.').slice(-1)[0].toLowerCase()) ? url.split('.').slice(-1)[0].toLowerCase() : 'jpg'\n              fs.createWriteStream(`frontend/dist/frontend/assets/public/images/uploads/${loggedInUser.data.id}.${ext}`)\n                .pipe(res.body)\n              UserModel.findByPk(loggedInUser.data.id).then(async (user: UserModel | null) => { return await user?.update({ profileImage: `/assets/public/images/uploads/${loggedInUser.data.id}.${ext}` }) }).catch((error: Error) => { next(error) })\n            } else UserModel.findByPk(loggedInUser.data.id).then(async (user: UserModel | null) => { return await user?.update({ profileImage: url }) }).catch((error: Error) => { next(error) })\n          })\n          .catch((error: Error) => { next(error) })\n      } else {\n        next(new Error('Blocked illegal activity by ' + req.socket.remoteAddress))\n      }\n    }\n    res.location(process.env.BASE_PATH + '/profile')\n    res.redirect(process.env.BASE_PATH + '/profile')\n  }\n}",
    "lineCount": 39
  }
}