{
  "filePath": "routes/dataErasure.ts",
  "dif": 0,
  "oldVersion": {
    "total": 2,
    "bySeverity": {
      "WARNING": 2
    },
    "findings": [
      {
        "message": "Possible writing outside of the destination, make sure that the target path is nested in the intended destination",
        "start": {
          "line": 69,
          "col": 45,
          "offset": 2314
        },
        "end": {
          "line": 69,
          "col": 60,
          "offset": 2329
        },
        "lines": "requires login",
        "metadata": {
          "confidence": "MEDIUM",
          "likelihood": "HIGH",
          "cwe": [
            "CWE-22: Improper Limitation of a Pathname to a Restricted Directory ('Path Traversal')"
          ],
          "references": [
            "https://owasp.org/www-community/attacks/Path_Traversal"
          ]
        }
      },
      {
        "message": "Detected possible user input going into a `path.join` or `path.resolve` function. This could possibly lead to a path traversal vulnerability,  where the attacker can access arbitrary files stored in the file system. Instead, be sure to sanitize or validate user input first.",
        "start": {
          "line": 69,
          "col": 45,
          "offset": 2314
        },
        "end": {
          "line": 69,
          "col": 60,
          "offset": 2329
        },
        "lines": "requires login",
        "metadata": {
          "confidence": "LOW",
          "likelihood": "HIGH",
          "cwe": [
            "CWE-22: Improper Limitation of a Pathname to a Restricted Directory ('Path Traversal')"
          ],
          "references": [
            "https://owasp.org/www-community/attacks/Path_Traversal"
          ]
        }
      }
    ],
    "code": "/*\n * Copyright (c) 2014-2024 Bjoern Kimminich & the OWASP Juice Shop contributors.\n * SPDX-License-Identifier: MIT\n */\nimport express, { type NextFunction, type Request, type Response } from 'express'\nimport path from 'path'\nimport { SecurityAnswerModel } from '../models/securityAnswer'\nimport { UserModel } from '../models/user'\nimport { SecurityQuestionModel } from '../models/securityQuestion'\nimport { PrivacyRequestModel } from '../models/privacyRequests'\nimport { challenges } from '../data/datacache'\nconst insecurity = require('../lib/insecurity')\n\nconst challengeUtils = require('../lib/challengeUtils')\nconst router = express.Router()\n\n// eslint-disable-next-line @typescript-eslint/no-misused-promises\nrouter.get('/', async (req: Request, res: Response, next: NextFunction): Promise<void> => {\n  const loggedInUser = insecurity.authenticatedUsers.get(req.cookies.token)\n  if (!loggedInUser) {\n    next(new Error('Blocked illegal activity by ' + req.socket.remoteAddress))\n    return\n  }\n  const email = loggedInUser.data.email\n\n  try {\n    const answer = await SecurityAnswerModel.findOne({\n      include: [{\n        model: UserModel,\n        where: { email }\n      }]\n    })\n    if (answer == null) {\n      throw new Error('No answer found!')\n    }\n    const question = await SecurityQuestionModel.findByPk(answer.SecurityQuestionId)\n    if (question == null) {\n      throw new Error('No question found!')\n    }\n\n    res.render('dataErasureForm', { userEmail: email, securityQuestion: question.question })\n  } catch (error) {\n    next(error)\n  }\n})\n\ninterface DataErasureRequestParams {\n  layout?: string\n  email: string\n  securityAnswer: string\n}\n\n// eslint-disable-next-line @typescript-eslint/no-misused-promises\nrouter.post('/', async (req: Request<Record<string, unknown>, Record<string, unknown>, DataErasureRequestParams>, res: Response, next: NextFunction): Promise<void> => {\n  const loggedInUser = insecurity.authenticatedUsers.get(req.cookies.token)\n  if (!loggedInUser) {\n    next(new Error('Blocked illegal activity by ' + req.socket.remoteAddress))\n    return\n  }\n\n  try {\n    await PrivacyRequestModel.create({\n      UserId: loggedInUser.data.id,\n      deletionRequested: true\n    })\n\n    res.clearCookie('token')\n    if (req.body.layout) {\n      const filePath: string = path.resolve(req.body.layout).toLowerCase()\n      const isForbiddenFile: boolean = (filePath.includes('ftp') || filePath.includes('ctf.key') || filePath.includes('encryptionkeys'))\n      if (!isForbiddenFile) {\n        res.render('dataErasureResult', {\n          ...req.body\n        }, (error, html) => {\n          if (!html || error) {\n            next(new Error(error.message))\n          } else {\n            const sendlfrResponse: string = html.slice(0, 100) + '......'\n            res.send(sendlfrResponse)\n            challengeUtils.solveIf(challenges.lfrChallenge, () => { return true })\n          }\n        })\n      } else {\n        next(new Error('File access not allowed'))\n      }\n    } else {\n      res.render('dataErasureResult', {\n        ...req.body\n      })\n    }\n  } catch (error) {\n    next(error)\n  }\n})\n\nexport default router\n",
    "lineCount": 97
  },
  "newVersion": {
    "total": 2,
    "bySeverity": {
      "WARNING": 2
    },
    "findings": [
      {
        "message": "Possible writing outside of the destination, make sure that the target path is nested in the intended destination",
        "start": {
          "line": 69,
          "col": 59,
          "offset": 2328
        },
        "end": {
          "line": 69,
          "col": 74,
          "offset": 2343
        },
        "lines": "requires login",
        "metadata": {
          "confidence": "MEDIUM",
          "likelihood": "HIGH",
          "cwe": [
            "CWE-22: Improper Limitation of a Pathname to a Restricted Directory ('Path Traversal')"
          ],
          "references": [
            "https://owasp.org/www-community/attacks/Path_Traversal"
          ]
        }
      },
      {
        "message": "Detected possible user input going into a `path.join` or `path.resolve` function. This could possibly lead to a path traversal vulnerability,  where the attacker can access arbitrary files stored in the file system. Instead, be sure to sanitize or validate user input first.",
        "start": {
          "line": 69,
          "col": 59,
          "offset": 2328
        },
        "end": {
          "line": 69,
          "col": 74,
          "offset": 2343
        },
        "lines": "requires login",
        "metadata": {
          "confidence": "LOW",
          "likelihood": "HIGH",
          "cwe": [
            "CWE-22: Improper Limitation of a Pathname to a Restricted Directory ('Path Traversal')"
          ],
          "references": [
            "https://owasp.org/www-community/attacks/Path_Traversal"
          ]
        }
      }
    ],
    "code": "/*\n * Copyright (c) 2014-2024 Bjoern Kimminich & the OWASP Juice Shop contributors.\n * SPDX-License-Identifier: MIT\n */\nimport express, { type NextFunction, type Request, type Response } from 'express'\nimport path from 'path'\nimport { SecurityAnswerModel } from '../models/securityAnswer'\nimport { UserModel } from '../models/user'\nimport { SecurityQuestionModel } from '../models/securityQuestion'\nimport { PrivacyRequestModel } from '../models/privacyRequests'\nimport { challenges } from '../data/datacache'\nconst insecurity = require('../lib/insecurity')\n\nconst challengeUtils = require('../lib/challengeUtils')\nconst router = express.Router()\n\n// eslint-disable-next-line @typescript-eslint/no-misused-promises\nrouter.get('/', async (req: Request, res: Response, next: NextFunction): Promise<void> => {\n  const loggedInUser = insecurity.authenticatedUsers.get(req.cookies.token)\n  if (!loggedInUser) {\n    next(new Error('Blocked illegal activity by ' + req.socket.remoteAddress))\n    return\n  }\n  const email = loggedInUser.data.email\n\n  try {\n    const answer = await SecurityAnswerModel.findOne({\n      include: [{\n        model: UserModel,\n        where: { email }\n      }]\n    })\n    if (answer == null) {\n      throw new Error('No answer found!')\n    }\n    const question = await SecurityQuestionModel.findByPk(answer.SecurityQuestionId)\n    if (question == null) {\n      throw new Error('No question found!')\n    }\n\n    res.render('dataErasureForm', { userEmail: email, securityQuestion: question.question })\n  } catch (error) {\n    next(error)\n  }\n})\n\ninterface DataErasureRequestParams {\n  layout?: string\n  email: string\n  securityAnswer: string\n}\n\n// eslint-disable-next-line @typescript-eslint/no-misused-promises\nrouter.post('/', async (req: Request<Record<string, unknown>, Record<string, unknown>, DataErasureRequestParams>, res: Response, next: NextFunction): Promise<void> => {\n  const loggedInUser = insecurity.authenticatedUsers.get(req.cookies.token)\n  if (!loggedInUser) {\n    next(new Error('Blocked illegal activity by ' + req.socket.remoteAddress))\n    return\n  }\n\n  try {\n    await PrivacyRequestModel.create({\n      UserId: loggedInUser.data.id,\n      deletionRequested: true\n    })\n\n    res.clearCookie('token')\n    if (req.body.layout) {\n      const filePath: string = path.join(process.env.PWD, req.body.layout).toLowerCase()\n      const isForbiddenFile: boolean = (filePath.includes('ftp') || filePath.includes('ctf.key') || filePath.includes('encryptionkeys'))\n      if (!isForbiddenFile) {\n        res.render('dataErasureResult', {\n          ...req.body\n        }, (error, html) => {\n          if (!html || error) {\n            next(new Error(error.message))\n          } else {\n            const sendlfrResponse: string = html.slice(0, 100) + '......'\n            res.send(sendlfrResponse)\n            challengeUtils.solveIf(challenges.lfrChallenge, () => { return true })\n          }\n        })\n      } else {\n        next(new Error('File access not allowed'))\n      }\n    } else {\n      res.render('dataErasureResult', {\n        ...req.body\n      })\n    }\n  } catch (error) {\n    next(error)\n  }\n})\n\nexport default router",
    "lineCount": 96
  }
}