{
  "filePath": "routes/b2bOrder.ts",
  "dif": -1,
  "oldVersion": {
    "total": 1,
    "bySeverity": {
      "WARNING": 1
    },
    "findings": [
      {
        "message": "Detected usage of the `notevil` package, which is unmaintained and has vulnerabilities. Using any sort of `eval()` functionality can be very dangerous, but if you must, the `eval` package is an up to date alternative. Be sure that only trusted input reaches an `eval()` function.",
        "start": {
          "line": 22,
          "col": 9,
          "offset": 837
        },
        "end": {
          "line": 22,
          "col": 80,
          "offset": 908
        },
        "lines": "requires login",
        "metadata": {
          "confidence": "LOW",
          "likelihood": "LOW",
          "cwe": [
            "CWE-1104: Use of Unmaintained Third Party Components"
          ],
          "references": [
            "https://github.com/mmckegg/notevil"
          ]
        }
      }
    ],
    "code": "/*\n * Copyright (c) 2014-2024 Bjoern Kimminich & the OWASP Juice Shop contributors.\n * SPDX-License-Identifier: MIT\n */\n\nimport vm = require('vm')\nimport { type Request, type Response, type NextFunction } from 'express'\nimport challengeUtils = require('../lib/challengeUtils')\n\nimport * as utils from '../lib/utils'\nimport { challenges } from '../data/datacache'\nconst security = require('../lib/insecurity')\nconst safeEval = require('notevil')\n\nmodule.exports = function b2bOrder () {\n  return ({ body }: Request, res: Response, next: NextFunction) => {\n    if (utils.isChallengeEnabled(challenges.rceChallenge) || utils.isChallengeEnabled(challenges.rceOccupyChallenge)) {\n      const orderLinesData = body.orderLinesData || ''\n      try {\n        const sandbox = { safeEval, orderLinesData }\n        vm.createContext(sandbox)\n        vm.runInContext('safeEval(orderLinesData)', sandbox, { timeout: 2000 })\n        res.json({ cid: body.cid, orderNo: uniqueOrderNumber(), paymentDue: dateTwoWeeksFromNow() })\n      } catch (err) {\n        if (utils.getErrorMessage(err).match(/Script execution timed out.*/) != null) {\n          challengeUtils.solveIf(challenges.rceOccupyChallenge, () => { return true })\n          res.status(503)\n          next(new Error('Sorry, we are temporarily not available! Please try again later.'))\n        } else {\n          challengeUtils.solveIf(challenges.rceChallenge, () => { return utils.getErrorMessage(err) === 'Infinite loop detected - reached max iterations' })\n          next(err)\n        }\n      }\n    } else {\n      res.json({ cid: body.cid, orderNo: uniqueOrderNumber(), paymentDue: dateTwoWeeksFromNow() })\n    }\n  }\n\n  function uniqueOrderNumber () {\n    return security.hash(`${(new Date()).toString()}_B2B`)\n  }\n\n  function dateTwoWeeksFromNow () {\n    return new Date(new Date().getTime() + (14 * 24 * 60 * 60 * 1000)).toISOString()\n  }\n}\n",
    "lineCount": 47
  },
  "newVersion": {
    "total": 0,
    "bySeverity": {},
    "code": "/*\n * Copyright (c) 2014-2024 Bjoern Kimminich & the OWASP Juice Shop contributors.\n * SPDX-License-Identifier: MIT\n */\n\nimport vm = require('vm')\nimport { type Request, type Response, type NextFunction } from 'express'\nimport challengeUtils = require('../lib/challengeUtils')\n\nimport * as utils from '../lib/utils'\nimport { challenges } from '../data/datacache'\nconst security = require('../lib/insecurity')\nconst safeEval = require('eval') // replaced notevil with eval\n\nmodule.exports = function b2bOrder () {\n  return ({ body }: Request, res: Response, next: NextFunction) => {\n    if (utils.isChallengeEnabled(challenges.rceChallenge) || utils.isChallengeEnabled(challenges.rceOccupyChallenge)) {\n      const orderLinesData = body.orderLinesData || ''\n      try {\n        const sandbox = { orderLinesData }\n        vm.createContext(sandbox)\n        vm.runInContext(`eval(orderLinesData)`, sandbox, { timeout: 2000 })\n        res.json({ cid: body.cid, orderNo: uniqueOrderNumber(), paymentDue: dateTwoWeeksFromNow() })\n      } catch (err) {\n        if (utils.getErrorMessage(err).match(/Script execution timed out.*/) != null) {\n          challengeUtils.solveIf(challenges.rceOccupyChallenge, () => { return true })\n          res.status(503)\n          next(new Error('Sorry, we are temporarily not available! Please try again later.'))\n        } else {\n          challengeUtils.solveIf(challenges.rceChallenge, () => { return utils.getErrorMessage(err) === 'Infinite loop detected - reached max iterations' })\n          next(err)\n        }\n      }\n    } else {\n      res.json({ cid: body.cid, orderNo: uniqueOrderNumber(), paymentDue: dateTwoWeeksFromNow() })\n    }\n  }\n\n  function uniqueOrderNumber () {\n    return security.hash(`${(new Date()).toString()}_B2B`)\n  }\n\n  function dateTwoWeeksFromNow () {\n    return new Date(new Date().getTime() + (14 * 24 * 60 * 60 * 1000)).toISOString()\n  }\n}",
    "lineCount": 46
  }
}