{
  "filePath": "routes/redirect.ts",
  "dif": 0,
  "oldVersion": {
    "total": 1,
    "bySeverity": {
      "WARNING": 1
    },
    "findings": [
      {
        "message": "The application redirects to a URL specified by user-supplied input `query` that is not validated. This could redirect users to malicious locations. Consider using an allow-list approach to validate URLs, or warn users they are being redirected to a third-party website.",
        "start": {
          "line": 19,
          "col": 20,
          "offset": 1057
        },
        "end": {
          "line": 19,
          "col": 25,
          "offset": 1062
        },
        "lines": "requires login",
        "metadata": {
          "confidence": "HIGH",
          "likelihood": "HIGH",
          "cwe": [
            "CWE-601: URL Redirection to Untrusted Site ('Open Redirect')"
          ],
          "references": [
            "https://cheatsheetseries.owasp.org/cheatsheets/Unvalidated_Redirects_and_Forwards_Cheat_Sheet.html"
          ]
        }
      }
    ],
    "code": "/*\n * Copyright (c) 2014-2024 Bjoern Kimminich & the OWASP Juice Shop contributors.\n * SPDX-License-Identifier: MIT\n */\n\nimport utils = require('../lib/utils')\nimport challengeUtils = require('../lib/challengeUtils')\nimport { type Request, type Response, type NextFunction } from 'express'\nimport { challenges } from '../data/datacache'\n\nconst security = require('../lib/insecurity')\n\nmodule.exports = function performRedirect () {\n  return ({ query }: Request, res: Response, next: NextFunction) => {\n    const toUrl: string = query.to as string\n    if (security.isRedirectAllowed(toUrl)) {\n      challengeUtils.solveIf(challenges.redirectCryptoCurrencyChallenge, () => { return toUrl === 'https://explorer.dash.org/address/Xr556RzuwX6hg5EGpkybbv5RanJoZN17kW' || toUrl === 'https://blockchain.info/address/1AbKfgvw9psQ41NbLi8kufDQTezwG8DRZm' || toUrl === 'https://etherscan.io/address/0x0f933ab9fcaaa782d0279c300d73750e1311eae6' })\n      challengeUtils.solveIf(challenges.redirectChallenge, () => { return isUnintendedRedirect(toUrl) })\n      res.redirect(toUrl)\n    } else {\n      res.status(406)\n      next(new Error('Unrecognized target URL for redirect: ' + toUrl))\n    }\n  }\n}\n\nfunction isUnintendedRedirect (toUrl: string) {\n  let unintended = true\n  for (const allowedUrl of security.redirectAllowlist) {\n    unintended = unintended && !utils.startsWith(toUrl, allowedUrl)\n  }\n  return unintended\n}\n",
    "lineCount": 34
  },
  "newVersion": {
    "total": 1,
    "bySeverity": {
      "WARNING": 1
    },
    "findings": [
      {
        "message": "The application redirects to a URL specified by user-supplied input `query` that is not validated. This could redirect users to malicious locations. Consider using an allow-list approach to validate URLs, or warn users they are being redirected to a third-party website.",
        "start": {
          "line": 19,
          "col": 20,
          "offset": 1057
        },
        "end": {
          "line": 19,
          "col": 25,
          "offset": 1062
        },
        "lines": "requires login",
        "metadata": {
          "confidence": "HIGH",
          "likelihood": "HIGH",
          "cwe": [
            "CWE-601: URL Redirection to Untrusted Site ('Open Redirect')"
          ],
          "references": [
            "https://cheatsheetseries.owasp.org/cheatsheets/Unvalidated_Redirects_and_Forwards_Cheat_Sheet.html"
          ]
        }
      }
    ],
    "code": "/*\n * Copyright (c) 2014-2024 Bjoern Kimminich & the OWASP Juice Shop contributors.\n * SPDX-License-Identifier: MIT\n */\n\nimport utils = require('../lib/utils')\nimport challengeUtils = require('../lib/challengeUtils')\nimport { type Request, type Response, type NextFunction } from 'express'\nimport { challenges } from '../data/datacache'\n\nconst security = require('../lib/insecurity')\n\nmodule.exports = function performRedirect () {\n  return ({ query }: Request, res: Response, next: NextFunction) => {\n    const toUrl: string = query.to as string\n    if (security.isRedirectAllowed(toUrl)) {\n      challengeUtils.solveIf(challenges.redirectCryptoCurrencyChallenge, () => { return toUrl === 'https://explorer.dash.org/address/Xr556RzuwX6hg5EGpkybbv5RanJoZN17kW' || toUrl === 'https://blockchain.info/address/1AbKfgvw9psQ41NbLi8kufDQTezwG8DRZm' || toUrl === 'https://etherscan.io/address/0x0f933ab9fcaaa782d0279c300d73750e1311eae6' })\n      challengeUtils.solveIf(challenges.redirectChallenge, () => { return isUnintendedRedirect(toUrl) })\n      res.redirect(toUrl)\n    } else {\n      res.status(406)\n      next(new Error('Unrecognized target URL for redirect: ' + toUrl))\n    }\n  }\n}\n\nfunction isUnintendedRedirect (toUrl: string) {\n  let unintended = true\n  for (const allowedUrl of security.redirectAllowlist) {\n    unintended = unintended && !utils.startsWith(toUrl, allowedUrl)\n  }\n  return unintended\n}",
    "lineCount": 33
  }
}