{
  "filePath": "routes/quarantineServer.ts",
  "dif": 0,
  "oldVersion": {
    "total": 3,
    "bySeverity": {
      "WARNING": 3
    },
    "findings": [
      {
        "message": "The application processes user-input, this is passed to res.sendFile which can allow an attacker to arbitrarily read files on the system through path traversal. It is recommended to perform input validation in addition to canonicalizing the path. This allows you to validate the path against the intended directory it should be accessing.",
        "start": {
          "line": 14,
          "col": 20,
          "offset": 435
        },
        "end": {
          "line": 14,
          "col": 57,
          "offset": 472
        },
        "lines": "requires login",
        "metadata": {
          "confidence": "MEDIUM",
          "likelihood": "HIGH",
          "cwe": [
            "CWE-73: External Control of File Name or Path"
          ],
          "references": [
            "https://cheatsheetseries.owasp.org/cheatsheets/Input_Validation_Cheat_Sheet.html"
          ]
        }
      },
      {
        "message": "Possible writing outside of the destination, make sure that the target path is nested in the intended destination",
        "start": {
          "line": 14,
          "col": 52,
          "offset": 467
        },
        "end": {
          "line": 14,
          "col": 56,
          "offset": 471
        },
        "lines": "requires login",
        "metadata": {
          "confidence": "MEDIUM",
          "likelihood": "HIGH",
          "cwe": [
            "CWE-22: Improper Limitation of a Pathname to a Restricted Directory ('Path Traversal')"
          ],
          "references": [
            "https://owasp.org/www-community/attacks/Path_Traversal"
          ]
        }
      },
      {
        "message": "Detected possible user input going into a `path.join` or `path.resolve` function. This could possibly lead to a path traversal vulnerability,  where the attacker can access arbitrary files stored in the file system. Instead, be sure to sanitize or validate user input first.",
        "start": {
          "line": 14,
          "col": 52,
          "offset": 467
        },
        "end": {
          "line": 14,
          "col": 56,
          "offset": 471
        },
        "lines": "requires login",
        "metadata": {
          "confidence": "LOW",
          "likelihood": "HIGH",
          "cwe": [
            "CWE-22: Improper Limitation of a Pathname to a Restricted Directory ('Path Traversal')"
          ],
          "references": [
            "https://owasp.org/www-community/attacks/Path_Traversal"
          ]
        }
      }
    ],
    "code": "/*\n * Copyright (c) 2014-2024 Bjoern Kimminich & the OWASP Juice Shop contributors.\n * SPDX-License-Identifier: MIT\n */\n\nimport path = require('path')\nimport { type Request, type Response, type NextFunction } from 'express'\n\nmodule.exports = function serveQuarantineFiles () {\n  return ({ params, query }: Request, res: Response, next: NextFunction) => {\n    const file = params.file\n\n    if (!file.includes('/')) {\n      res.sendFile(path.resolve('ftp/quarantine/', file))\n    } else {\n      res.status(403)\n      next(new Error('File names cannot contain forward slashes!'))\n    }\n  }\n}\n",
    "lineCount": 21
  },
  "newVersion": {
    "total": 3,
    "bySeverity": {
      "WARNING": 3
    },
    "findings": [
      {
        "message": "The application processes user-input, this is passed to res.sendFile which can allow an attacker to arbitrarily read files on the system through path traversal. It is recommended to perform input validation in addition to canonicalizing the path. This allows you to validate the path against the intended directory it should be accessing.",
        "start": {
          "line": 17,
          "col": 20,
          "offset": 528
        },
        "end": {
          "line": 17,
          "col": 57,
          "offset": 565
        },
        "lines": "requires login",
        "metadata": {
          "confidence": "MEDIUM",
          "likelihood": "HIGH",
          "cwe": [
            "CWE-73: External Control of File Name or Path"
          ],
          "references": [
            "https://cheatsheetseries.owasp.org/cheatsheets/Input_Validation_Cheat_Sheet.html"
          ]
        }
      },
      {
        "message": "Possible writing outside of the destination, make sure that the target path is nested in the intended destination",
        "start": {
          "line": 17,
          "col": 52,
          "offset": 560
        },
        "end": {
          "line": 17,
          "col": 56,
          "offset": 564
        },
        "lines": "requires login",
        "metadata": {
          "confidence": "MEDIUM",
          "likelihood": "HIGH",
          "cwe": [
            "CWE-22: Improper Limitation of a Pathname to a Restricted Directory ('Path Traversal')"
          ],
          "references": [
            "https://owasp.org/www-community/attacks/Path_Traversal"
          ]
        }
      },
      {
        "message": "Detected possible user input going into a `path.join` or `path.resolve` function. This could possibly lead to a path traversal vulnerability,  where the attacker can access arbitrary files stored in the file system. Instead, be sure to sanitize or validate user input first.",
        "start": {
          "line": 17,
          "col": 52,
          "offset": 560
        },
        "end": {
          "line": 17,
          "col": 56,
          "offset": 564
        },
        "lines": "requires login",
        "metadata": {
          "confidence": "LOW",
          "likelihood": "HIGH",
          "cwe": [
            "CWE-22: Improper Limitation of a Pathname to a Restricted Directory ('Path Traversal')"
          ],
          "references": [
            "https://owasp.org/www-community/attacks/Path_Traversal"
          ]
        }
      }
    ],
    "code": "/*\n * Copyright (c) 2014-2024 Bjoern Kimminich & the OWASP Juice Shop contributors.\n * SPDX-License-Identifier: MIT\n */\n\nimport path = require('path')\nimport { type Request, type Response, type NextFunction } from 'express'\n\nmodule.exports = function serveQuarantineFiles () {\n  return ({ params, query }: Request, res: Response, next: NextFunction) => {\n    const file = params.file\n\n    if (!/^[a-zA-Z0-9_\\-\\.]+$/.test(file)) {\n      res.status(403)\n      next(new Error('Invalid file name!'))\n    } else {\n      res.sendFile(path.resolve('ftp/quarantine/', file))\n    }\n  }\n}",
    "lineCount": 20
  }
}