{
  "data/staticData.ts": {
    "oldVersion": {
      "total": 1,
      "bySeverity": {
        "WARNING": 1
      },
      "findings": [
        {
          "message": "Detected possible user input going into a `path.join` or `path.resolve` function. This could possibly lead to a path traversal vulnerability,  where the attacker can access arbitrary files stored in the file system. Instead, be sure to sanitize or validate user input first.",
          "start": {
            "line": 7,
            "col": 33,
            "offset": 220
          },
          "end": {
            "line": 7,
            "col": 65,
            "offset": 252
          },
          "lines": "requires login",
          "metadata": {
            "confidence": "LOW",
            "likelihood": "HIGH",
            "cwe": [
              "CWE-22: Improper Limitation of a Pathname to a Restricted Directory ('Path Traversal')"
            ],
            "references": [
              "https://owasp.org/www-community/attacks/Path_Traversal"
            ]
          }
        }
      ],
      "code": "import path from 'path'\nimport { readFile } from 'fs/promises'\nimport { safeLoad } from 'js-yaml'\nimport logger from '../lib/logger'\n\nexport async function loadStaticData (file: string) {\n  const filePath = path.resolve('./data/static/' + file + '.yml')\n  return await readFile(filePath, 'utf8')\n    .then(safeLoad)\n    .catch(() => logger.error('Could not open file: \"' + filePath + '\"'))\n}\n\nexport interface StaticUser {\n  email: string\n  password: string\n  key: string\n  role: 'admin' | 'customer' | 'deluxe' | 'accounting'\n\n  username?: string\n  profileImage?: string\n  walletBalance?: number\n  lastLoginIp?: string\n  deletedFlag?: boolean\n  totpSecret?: string\n  customDomain?: boolean\n  securityQuestion?: StaticUserSecurityQuestion\n  feedback?: StaticUserFeedback\n  address?: StaticUserAddress[]\n  card?: StaticUserCard[]\n}\nexport interface StaticUserSecurityQuestion {\n  id: number\n  answer: string\n}\nexport interface StaticUserFeedback {\n  comment: string\n  rating: 1 | 2 | 3 | 4 | 5\n}\nexport interface StaticUserAddress {\n  fullName: string\n  mobileNum: number\n  zipCode: string\n  streetAddress: string\n  city: string\n  state: string\n  country: string\n}\nexport interface StaticUserCard {\n  fullName: string\n  cardNum: number\n  expMonth: number\n  expYear: number\n}\nexport async function loadStaticUserData (): Promise<StaticUser[]> {\n  return await loadStaticData('users') as StaticUser[]\n}\n\nexport interface StaticChallenge {\n  name: string\n  category: string\n  tags?: string[]\n  description: string\n  difficulty: number\n  hint: string\n  hintUrl: string\n  mitigationUrl: string\n  key: string\n  disabledEnv?: string[]\n  tutorial?: {\n    order: number\n  }\n}\nexport async function loadStaticChallengeData (): Promise<StaticChallenge[]> {\n  return await loadStaticData('challenges') as StaticChallenge[]\n}\n\nexport interface StaticDelivery {\n  name: string\n  price: number\n  deluxePrice: number\n  eta: number\n  icon: string\n}\nexport async function loadStaticDeliveryData (): Promise<StaticDelivery[]> {\n  return await loadStaticData('deliveries') as StaticDelivery[]\n}\n\nexport interface StaticSecurityQuestions {\n  question: string\n}\nexport async function loadStaticSecurityQuestionsData (): Promise<StaticSecurityQuestions[]> {\n  return await loadStaticData('securityQuestions') as StaticSecurityQuestions[]\n}\n",
      "lineCount": 94
    },
    "newVersion": {
      "total": 0,
      "bySeverity": {},
      "code": "import path from 'path'\nimport { readFile } from 'fs/promises'\nimport { safeLoad } from 'js-yaml'\nimport logger from '../lib/logger'\n\nexport async function loadStaticData (file: string) {\n  const filePath = path.resolve('./data/static/' + file + '.yml')\n  return await readFile(filePath, 'utf8')\n    .then(safeLoad)\n    .catch(() => logger.error('Could not open file: \"' + filePath + '\"'))\n}\n\nexport interface StaticUser {\n  email: string\n  password: string\n  key: string\n  role: 'admin' | 'customer' | 'deluxe' | 'accounting'\n\n  username?: string\n  profileImage?: string\n  walletBalance?: number\n  lastLoginIp?: string\n  deletedFlag?: boolean\n  totpSecret?: string\n  customDomain?: boolean\n  securityQuestion?: StaticUserSecurityQuestion\n  feedback?: StaticUserFeedback\n  address?: StaticUserAddress[]\n  card?: StaticUserCard[]\n}\nexport interface StaticUserSecurityQuestion {\n  id: number\n  answer: string\n}\nexport interface StaticUserFeedback {\n  comment: string\n  rating: 1 | 2 | 3 | 4 | 5\n}\nexport interface StaticUserAddress {\n  fullName: string\n  mobileNum: number\n  zipCode: string\n  streetAddress: string\n  city: string\n  state: string\n  country: string\n}\nexport interface StaticUserCard {\n  fullName: string\n  cardNum: number\n  expMonth: number\n  expYear: number\n}\nexport async function loadStaticUserData (): Promise<StaticUser[]> {\n  return await loadStaticData('users') as StaticUser[]\n}\n\nexport interface StaticChallenge {\n  name: string\n  category: string\n  tags?: string[]\n  description: string\n  difficulty: number\n  hint: string\n  hintUrl: string\n  mitigationUrl: string\n  key: string\n  disabledEnv?: string[]\n  tutorial?: {\n    order: number\n  }\n}\nexport async function loadStaticChallengeData (): Promise<StaticChallenge[]> {\n  return await loadStaticData('challenges') as StaticChallenge[]\n}\n\nexport interface StaticDelivery {\n  name: string\n  price: number\n  deluxePrice: number\n  eta: number\n  icon: string\n}\nexport async function loadStaticDeliveryData (): Promise<StaticDelivery[]> {\n  return await loadStaticData('deliveries') as StaticDelivery[]\n}\n\nexport interface StaticSecurityQuestions {\n  question: string\n}\nexport async function loadStaticSecurityQuestionsData (): Promise<StaticSecurityQuestions[]> {\n  return await loadStaticData('securityQuestions') as StaticSecurityQuestions[]\n}\n",
      "lineCount": 94
    }
  }
}